{
	"type" : "FeatureCollection",
	"name" : "SPF_RLC",
	"features" : [
		{
			"type" : "Feature",
			"geometry" : {
				"type" : "Point",
				"coordinates" : [ 103.91656000000386, 1.395370000002781 ]
			},
			"properties" : {
				"OBJECTID" : 127,
				"ID" : 127,
				"ROAD_NAME" : "Punggol East",
				"DIRECTION" : "Punggol Drive",
				"LATITUDE" : 1.39537,
				"LONGITUDE" : 103.91656,
				"DESCP" : "Punggol East by Punggol Central",
				"INC_CRC" : "EF4455CF328E4C20",
				"FMEL_UPD_D" : "20170208135432"
			}
		},
		{
			"type" : "Feature",
			"geometry" : {
				"type" : "Point",
				"coordinates" : [ 103.9033249999956, 1.3816009999984487 ]
			},
			"properties" : {
				"OBJECTID" : 128,
				"ID" : 128,
				"ROAD_NAME" : "Sengkang East Drive",
				"DIRECTION" : "Punggol East",
				"LATITUDE" : 1.381601,
				"LONGITUDE" : 103.903325,
				"DESCP" : "Sengkang East Drive by Sengkang East Avenue",
				"INC_CRC" : "C84EABB88A2CCC87",
				"FMEL_UPD_D" : "20170208135432"
			}
		},
		{
			"type" : "Feature",
			"geometry" : {
				"type" : "Point",
				"coordinates" : [ 103.8944909999976, 1.388908000000213 ]
			},
			"properties" : {
				"OBJECTID" : 129,
				"ID" : 129,
				"ROAD_NAME" : "Compassvale Drive",
				"DIRECTION" : "Rivervale Lane",
				"LATITUDE" : 1.388908,
				"LONGITUDE" : 103.894491,
				"DESCP" : "Compassvale Drive by Sengkang Central",
				"INC_CRC" : "FE8F5D28000B2515",
				"FMEL_UPD_D" : "20170208135432"
			}
		},
		{
			"type" : "Feature",
			"geometry" : {
				"type" : "Point",
				"coordinates" : [ 103.89478000000199, 1.3930599999967266 ]
			},
			"properties" : {
				"OBJECTID" : 130,
				"ID" : 130,
				"ROAD_NAME" : "Sengkang East Way",
				"DIRECTION" : "Compassvale Road",
				"LATITUDE" : 1.39306,
				"LONGITUDE" : 103.89478,
				"DESCP" : "Sengkang East Way by Sengkang Square",
				"INC_CRC" : "82B9FAF9208B6F53",
				"FMEL_UPD_D" : "20170208135432"
			}
		},
		{
			"type" : "Feature",
			"geometry" : {
				"type" : "Point",
				"coordinates" : [ 103.87432199999714, 1.3582140000032188 ]
			},
			"properties" : {
				"OBJECTID" : 131,
				"ID" : 131,
				"ROAD_NAME" : "Yio Chu Kang Road",
				"DIRECTION" : "Serangoon Garden Way",
				"LATITUDE" : 1.358214,
				"LONGITUDE" : 103.874322,
				"DESCP" : "Yio Chu Kang Road by Yio Chu Kang Link",
				"INC_CRC" : "4FFD3A3116AC2EE9",
				"FMEL_UPD_D" : "20170208135432"
			}
		},
		{
			"type" : "Feature",
			"geometry" : {
				"type" : "Point",
				"coordinates" : [ 103.83143999999886, 1.423012000003829 ]
			},
			"properties" : {
				"OBJECTID" : 132,
				"ID" : 132,
				"ROAD_NAME" : "Yishun Avenue 3",
				"DIRECTION" : "Yishun Avenue 2",
				"LATITUDE" : 1.423012,
				"LONGITUDE" : 103.83144,
				"DESCP" : "Yishun Avenue 3 by Yishun Ring Road",
				"INC_CRC" : "8115A1A36D376562",
				"FMEL_UPD_D" : "20170208135432"
			}
		},
		{
			"type" : "Feature",
			"geometry" : {
				"type" : "Point",
				"coordinates" : [ 103.78295000000428, 1.4379999999988395 ]
			},
			"properties" : {
				"OBJECTID" : 133,
				"ID" : 133,
				"ROAD_NAME" : "Woodlands Avenue 5",
				"DIRECTION" : "Woodlands Avenue 3",
				"LATITUDE" : 1.438,
				"LONGITUDE" : 103.78295,
				"DESCP" : "Woodlands Avenue 5 by Marsiling Rise",
				"INC_CRC" : "E0F3015451CD6863",
				"FMEL_UPD_D" : "20170208135432"
			}
		},
		{
			"type" : "Feature",
			"geometry" : {
				"type" : "Point",
				"coordinates" : [ 103.834440000004, 1.3810100000019918 ]
			},
			"properties" : {
				"OBJECTID" : 134,
				"ID" : 134,
				"ROAD_NAME" : "Yio Chu Kang Road",
				"DIRECTION" : "Upp Thomson Road",
				"LATITUDE" : 1.38101,
				"LONGITUDE" : 103.83444,
				"DESCP" : "Yio Chu Kang Road by Ang Mo Kio Avenue 5",
				"INC_CRC" : "F49D0BDB9F95FC4B",
				"FMEL_UPD_D" : "20170208135432"
			}
		},
		{
			"type" : "Feature",
			"geometry" : {
				"type" : "Point",
				"coordinates" : [ 103.83742599999945, 1.339489999998891 ]
			},
			"properties" : {
				"OBJECTID" : 135,
				"ID" : 135,
				"ROAD_NAME" : "Thomson Road",
				"DIRECTION" : "City",
				"LATITUDE" : 1.33949,
				"LONGITUDE" : 103.837426,
				"DESCP" : "Thomson Road by Marymount Road",
				"INC_CRC" : "05B4E7FF583F5EBA",
				"FMEL_UPD_D" : "20170208135432"
			}
		},
		{
			"type" : "Feature",
			"geometry" : {
				"type" : "Point",
				"coordinates" : [ 103.90863000000431, 1.3083699999977243 ]
			},
			"properties" : {
				"OBJECTID" : 136,
				"ID" : 136,
				"ROAD_NAME" : "Still Road",
				"DIRECTION" : "Still Road South",
				"LATITUDE" : 1.30837,
				"LONGITUDE" : 103.90863,
				"DESCP" : "Still Road by East Coast Road",
				"INC_CRC" : "467790A40C4899C7",
				"FMEL_UPD_D" : "20170208135432"
			}
		},
		{
			"type" : "Feature",
			"geometry" : {
				"type" : "Point",
				"coordinates" : [ 103.91235699999744, 1.308875000001877 ]
			},
			"properties" : {
				"OBJECTID" : 137,
				"ID" : 137,
				"ROAD_NAME" : "Telok Kurau Road",
				"DIRECTION" : "Changi Road",
				"LATITUDE" : 1.308875,
				"LONGITUDE" : 103.912357,
				"DESCP" : "Telok Kurau Road by East Coast Road",
				"INC_CRC" : "AE1647C3C42B3485",
				"FMEL_UPD_D" : "20170208135432"
			}
		},
		{
			"type" : "Feature",
			"geometry" : {
				"type" : "Point",
				"coordinates" : [ 103.9068600000011, 1.3037100000024575 ]
			},
			"properties" : {
				"OBJECTID" : 138,
				"ID" : 138,
				"ROAD_NAME" : "Marine Parade Road",
				"DIRECTION" : "Amber Road",
				"LATITUDE" : 1.30371,
				"LONGITUDE" : 103.90686,
				"DESCP" : "Marine Parade Road by Marine Parade Central",
				"INC_CRC" : "3A9D407228080DEB",
				"FMEL_UPD_D" : "20170208135432"
			}
		},
		{
			"type" : "Feature",
			"geometry" : {
				"type" : "Point",
				"coordinates" : [ 103.9100000000007, 1.3058100000002226 ]
			},
			"properties" : {
				"OBJECTID" : 139,
				"ID" : 139,
				"ROAD_NAME" : "Still Road South",
				"DIRECTION" : "ECP",
				"LATITUDE" : 1.30581,
				"LONGITUDE" : 103.91,
				"DESCP" : "Still Road South by Marine Parade Road",
				"INC_CRC" : "495EB9B7CA0BC687",
				"FMEL_UPD_D" : "20170208135432"
			}
		},
		{
			"type" : "Feature",
			"geometry" : {
				"type" : "Point",
				"coordinates" : [ 103.92003999999707, 1.321330000000427 ]
			},
			"properties" : {
				"OBJECTID" : 140,
				"ID" : 140,
				"ROAD_NAME" : "New Upp Changi Road",
				"DIRECTION" : "Changi Road",
				"LATITUDE" : 1.32133,
				"LONGITUDE" : 103.92004,
				"DESCP" : "New Upp Changi Road by Siglap Road",
				"INC_CRC" : "B0D60A27BB8FC2DA",
				"FMEL_UPD_D" : "20170208135432"
			}
		},
		{
			"type" : "Feature",
			"geometry" : {
				"type" : "Point",
				"coordinates" : [ 103.93827000000323, 1.3490000000016935 ]
			},
			"properties" : {
				"OBJECTID" : 141,
				"ID" : 141,
				"ROAD_NAME" : "Tampines Avenue 4",
				"DIRECTION" : "Bedok Reservoir Road",
				"LATITUDE" : 1.349,
				"LONGITUDE" : 103.93827,
				"DESCP" : "Tampines Avenue 4 by Tampines Avenue 3",
				"INC_CRC" : "807FE0696D62E7ED",
				"FMEL_UPD_D" : "20170208135432"
			}
		},
		{
			"type" : "Feature",
			"geometry" : {
				"type" : "Point",
				"coordinates" : [ 103.88899000000181, 1.319229999996414 ]
			},
			"properties" : {
				"OBJECTID" : 142,
				"ID" : 142,
				"ROAD_NAME" : "Geylang East Central",
				"DIRECTION" : "Geylang East Avenue 1",
				"LATITUDE" : 1.31923,
				"LONGITUDE" : 103.88899,
				"DESCP" : "Geylang East Central  by Geylang East Avenue 2",
				"INC_CRC" : "503DE2B1662BEC42",
				"FMEL_UPD_D" : "20170208135432"
			}
		},
		{
			"type" : "Feature",
			"geometry" : {
				"type" : "Point",
				"coordinates" : [ 103.8520000000018, 1.295869999994752 ]
			},
			"properties" : {
				"OBJECTID" : 143,
				"ID" : 143,
				"ROAD_NAME" : "Victoria Street",
				"DIRECTION" : "Middle Road",
				"LATITUDE" : 1.29587,
				"LONGITUDE" : 103.852,
				"DESCP" : "Victoria Street by Bras Basah Road",
				"INC_CRC" : "4A25B20982D35D6B",
				"FMEL_UPD_D" : "20170208135432"
			}
		},
		{
			"type" : "Feature",
			"geometry" : {
				"type" : "Point",
				"coordinates" : [ 103.94647000000329, 1.356640000001973 ]
			},
			"properties" : {
				"OBJECTID" : 144,
				"ID" : 144,
				"ROAD_NAME" : "Tampines Avenue 7",
				"DIRECTION" : "Tampines Central 3",
				"LATITUDE" : 1.35664,
				"LONGITUDE" : 103.94647,
				"DESCP" : "Tampines Avenue 7 by Tampines Avenue 4",
				"INC_CRC" : "2FA68C3FCF0AA9B3",
				"FMEL_UPD_D" : "20170208135432"
			}
		},
		{
			"type" : "Feature",
			"geometry" : {
				"type" : "Point",
				"coordinates" : [ 103.84157600000273, 1.3604069999968182 ]
			},
			"properties" : {
				"OBJECTID" : 145,
				"ID" : 145,
				"ROAD_NAME" : "Marymount Road",
				"DIRECTION" : "Ang Mo Kio Avenue 1",
				"LATITUDE" : 1.360407,
				"LONGITUDE" : 103.841576,
				"DESCP" : "Marymount Road by Sin Ming Avenue",
				"INC_CRC" : "2E0A26A7613836D9",
				"FMEL_UPD_D" : "20170208135432"
			}
		},
		{
			"type" : "Feature",
			"geometry" : {
				"type" : "Point",
				"coordinates" : [ 103.874189999998, 1.358539999995489 ]
			},
			"properties" : {
				"OBJECTID" : 146,
				"ID" : 146,
				"ROAD_NAME" : "Yio Chu Kang Road",
				"DIRECTION" : "Boundary Road",
				"LATITUDE" : 1.35854,
				"LONGITUDE" : 103.87419,
				"DESCP" : "Yio Chu Kang Road by Yio Chu Kang Link",
				"INC_CRC" : "0EDAE0DA6DF1B532",
				"FMEL_UPD_D" : "20170208135432"
			}
		},
		{
			"type" : "Feature",
			"geometry" : {
				"type" : "Point",
				"coordinates" : [ 103.81363000000101, 1.3240299999988452 ]
			},
			"properties" : {
				"OBJECTID" : 147,
				"ID" : 147,
				"ROAD_NAME" : "Adam Road",
				"DIRECTION" : "Farrer Road",
				"LATITUDE" : 1.32403,
				"LONGITUDE" : 103.81363,
				"DESCP" : "Adam Road by Dunearn Road",
				"INC_CRC" : "1450BBCB5B66123E",
				"FMEL_UPD_D" : "20170208135432"
			}
		},
		{
			"type" : "Feature",
			"geometry" : {
				"type" : "Point",
				"coordinates" : [ 103.62485699999809, 1.303610999997229 ]
			},
			"properties" : {
				"OBJECTID" : 148,
				"ID" : 148,
				"ROAD_NAME" : "Tuas South Avenue 3",
				"DIRECTION" : "Tuas South Avenue 8",
				"LATITUDE" : 1.303611,
				"LONGITUDE" : 103.624857,
				"DESCP" : "Tuas South Avenue 3 by Tuas South Avenue 6",
				"INC_CRC" : "FA032BC48A4E7067",
				"FMEL_UPD_D" : "20170208135432"
			}
		},
		{
			"type" : "Feature",
			"geometry" : {
				"type" : "Point",
				"coordinates" : [ 103.77204900000419, 1.409779000002317 ]
			},
			"properties" : {
				"OBJECTID" : 149,
				"ID" : 149,
				"ROAD_NAME" : "Mandai Road",
				"DIRECTION" : "Woodlands Road",
				"LATITUDE" : 1.409779,
				"LONGITUDE" : 103.772049,
				"DESCP" : "Mandai Road by (into) BKE",
				"INC_CRC" : "EC01A6F62B527AFA",
				"FMEL_UPD_D" : "20170208135432"
			}
		},
		{
			"type" : "Feature",
			"geometry" : {
				"type" : "Point",
				"coordinates" : [ 103.86774600000169, 1.3551260000016292 ]
			},
			"properties" : {
				"OBJECTID" : 150,
				"ID" : 150,
				"ROAD_NAME" : "Serangoon Avenue 2",
				"DIRECTION" : "Serangoon Gardens",
				"LATITUDE" : 1.355126,
				"LONGITUDE" : 103.867746,
				"DESCP" : "Serangoon Avenue 2 by Lorong Chuan",
				"INC_CRC" : "DD44D54820E3C44D",
				"FMEL_UPD_D" : "20170208135432"
			}
		},
		{
			"type" : "Feature",
			"geometry" : {
				"type" : "Point",
				"coordinates" : [ 103.77839999999595, 1.410920000002165 ]
			},
			"properties" : {
				"OBJECTID" : 151,
				"ID" : 151,
				"ROAD_NAME" : "Mandai Road",
				"DIRECTION" : "Jln ulu Sembawang",
				"LATITUDE" : 1.41092,
				"LONGITUDE" : 103.7784,
				"DESCP" : "Mandai Road by Mandai Lake Road",
				"INC_CRC" : "A2927AC2EF9F5F75",
				"FMEL_UPD_D" : "20170208135432"
			}
		},
		{
			"type" : "Feature",
			"geometry" : {
				"type" : "Point",
				"coordinates" : [ 103.717050000001, 1.3504900000021756 ]
			},
			"properties" : {
				"OBJECTID" : 152,
				"ID" : 152,
				"ROAD_NAME" : "Jurong West Avenue 1",
				"DIRECTION" : "Jurong West Street 51",
				"LATITUDE" : 1.35049,
				"LONGITUDE" : 103.71705,
				"DESCP" : "Jurong West Avenue 1 by Jurong West Street 42",
				"INC_CRC" : "D2C8EA4A0393C610",
				"FMEL_UPD_D" : "20170208135432"
			}
		},
		{
			"type" : "Feature",
			"geometry" : {
				"type" : "Point",
				"coordinates" : [ 103.71732500000067, 1.3504260000010095 ]
			},
			"properties" : {
				"OBJECTID" : 153,
				"ID" : 153,
				"ROAD_NAME" : "Jurong West Avenue 1",
				"DIRECTION" : "Corporation Road",
				"LATITUDE" : 1.350426,
				"LONGITUDE" : 103.717325,
				"DESCP" : "Jurong West Avenue 1 by Jurong West Street 52",
				"INC_CRC" : "71C065EB539A6B81",
				"FMEL_UPD_D" : "20170208135432"
			}
		},
		{
			"type" : "Feature",
			"geometry" : {
				"type" : "Point",
				"coordinates" : [ 103.76323999999552, 1.306750000001898 ]
			},
			"properties" : {
				"OBJECTID" : 154,
				"ID" : 154,
				"ROAD_NAME" : "West Coast Road",
				"DIRECTION" : "West Coast Link",
				"LATITUDE" : 1.30675,
				"LONGITUDE" : 103.76324,
				"DESCP" : "West Coast Road by Clementi Avenue 2",
				"INC_CRC" : "355212799237DC46",
				"FMEL_UPD_D" : "20170208135432"
			}
		},
		{
			"type" : "Feature",
			"geometry" : {
				"type" : "Point",
				"coordinates" : [ 103.76355000000245, 1.3062399999974632 ]
			},
			"properties" : {
				"OBJECTID" : 155,
				"ID" : 155,
				"ROAD_NAME" : "West Coast Road",
				"DIRECTION" : "Jln Mas Kuning",
				"LATITUDE" : 1.30624,
				"LONGITUDE" : 103.76355,
				"DESCP" : "West Coast Road by Clementi West Street 2",
				"INC_CRC" : "DC1707713EF1712B",
				"FMEL_UPD_D" : "20170208135432"
			}
		},
		{
			"type" : "Feature",
			"geometry" : {
				"type" : "Point",
				"coordinates" : [ 103.79309000000254, 1.3136099999998936 ]
			},
			"properties" : {
				"OBJECTID" : 156,
				"ID" : 156,
				"ROAD_NAME" : "Holland Road",
				"DIRECTION" : "Ford Avenue",
				"LATITUDE" : 1.31361,
				"LONGITUDE" : 103.79309,
				"DESCP" : "Holland Road  by North Buona Vista Road",
				"INC_CRC" : "9DFBF52D2018CA9F",
				"FMEL_UPD_D" : "20170208135432"
			}
		},
		{
			"type" : "Feature",
			"geometry" : {
				"type" : "Point",
				"coordinates" : [ 103.70447299999661, 1.3385069999957082 ]
			},
			"properties" : {
				"OBJECTID" : 157,
				"ID" : 157,
				"ROAD_NAME" : "Jurong West Street 64",
				"DIRECTION" : "Boon Lay Way",
				"LATITUDE" : 1.338507,
				"LONGITUDE" : 103.704473,
				"DESCP" : "Jurong West Street 64  by Jurong West Street 63",
				"INC_CRC" : "37BFC538B4416807",
				"FMEL_UPD_D" : "20170208135432"
			}
		},
		{
			"type" : "Feature",
			"geometry" : {
				"type" : "Point",
				"coordinates" : [ 103.85577499999782, 1.3006579999946257 ]
			},
			"properties" : {
				"OBJECTID" : 1,
				"ID" : 1,
				"ROAD_NAME" : "Victoria Street",
				"DIRECTION" : "Lavender Street",
				"LATITUDE" : 1.300658,
				"LONGITUDE" : 103.855775,
				"DESCP" : "Victoria Street by Rochor Road",
				"INC_CRC" : "EC6F5088FCE448B3",
				"FMEL_UPD_D" : "20170208135414"
			}
		},
		{
			"type" : "Feature",
			"geometry" : {
				"type" : "Point",
				"coordinates" : [ 103.85771200000099, 1.3028029999976283 ]
			},
			"properties" : {
				"OBJECTID" : 2,
				"ID" : 2,
				"ROAD_NAME" : "Victoria Street",
				"DIRECTION" : "Lavender Street",
				"LATITUDE" : 1.302803,
				"LONGITUDE" : 103.857712,
				"DESCP" : "Victoria Street by Arab Street",
				"INC_CRC" : "6E9D8E89BD12D380",
				"FMEL_UPD_D" : "20170208135432"
			}
		},
		{
			"type" : "Feature",
			"geometry" : {
				"type" : "Point",
				"coordinates" : [ 103.8570949999992, 1.301904999999658 ]
			},
			"properties" : {
				"OBJECTID" : 3,
				"ID" : 3,
				"ROAD_NAME" : "Victoria Street",
				"DIRECTION" : "Bras Basah Road",
				"LATITUDE" : 1.301905,
				"LONGITUDE" : 103.857095,
				"DESCP" : "Victoria Street by Ophir Road",
				"INC_CRC" : "E4763B6FC9832BFD",
				"FMEL_UPD_D" : "20170208135432"
			}
		},
		{
			"type" : "Feature",
			"geometry" : {
				"type" : "Point",
				"coordinates" : [ 103.8602889999978, 1.3139309999947912 ]
			},
			"properties" : {
				"OBJECTID" : 4,
				"ID" : 4,
				"ROAD_NAME" : "Lavender Street",
				"DIRECTION" : "Balestier Road",
				"LATITUDE" : 1.313931,
				"LONGITUDE" : 103.860289,
				"DESCP" : "Lavender Street by Jln Besar",
				"INC_CRC" : "0690FA99B641FEA4",
				"FMEL_UPD_D" : "20170208135432"
			}
		},
		{
			"type" : "Feature",
			"geometry" : {
				"type" : "Point",
				"coordinates" : [ 103.85935799999815, 1.2998560000010844 ]
			},
			"properties" : {
				"OBJECTID" : 5,
				"ID" : 5,
				"ROAD_NAME" : "Ophir Road",
				"DIRECTION" : "ECP",
				"LATITUDE" : 1.299856,
				"LONGITUDE" : 103.859358,
				"DESCP" : "Ophir Road by Beach Road",
				"INC_CRC" : "5E573497C28E86E8",
				"FMEL_UPD_D" : "20170208135432"
			}
		},
		{
			"type" : "Feature",
			"geometry" : {
				"type" : "Point",
				"coordinates" : [ 103.79315599999923, 1.3066670000012472 ]
			},
			"properties" : {
				"OBJECTID" : 6,
				"ID" : 6,
				"ROAD_NAME" : "Commonwealth Avenue",
				"DIRECTION" : "Queensway",
				"LATITUDE" : 1.306667,
				"LONGITUDE" : 103.793156,
				"DESCP" : "Commonwealth Avenue by Holland Avenue",
				"INC_CRC" : "D3A8235E0F348B17",
				"FMEL_UPD_D" : "20170208135432"
			}
		},
		{
			"type" : "Feature",
			"geometry" : {
				"type" : "Point",
				"coordinates" : [ 103.7124819999988, 1.3517859999993538 ]
			},
			"properties" : {
				"OBJECTID" : 7,
				"ID" : 7,
				"ROAD_NAME" : "Jurong West Avenue 2",
				"DIRECTION" : "Upper Jurong Road",
				"LATITUDE" : 1.351786,
				"LONGITUDE" : 103.712482,
				"DESCP" : "Jurong West Avenue 2 by Corporation Road",
				"INC_CRC" : "0A7110F6FB9F6C76",
				"FMEL_UPD_D" : "20170208135432"
			}
		},
		{
			"type" : "Feature",
			"geometry" : {
				"type" : "Point",
				"coordinates" : [ 103.74046399999808, 1.337136000003401 ]
			},
			"properties" : {
				"OBJECTID" : 8,
				"ID" : 8,
				"ROAD_NAME" : "Boon Lay Way",
				"DIRECTION" : "Jurong Town Hall Road",
				"LATITUDE" : 1.337136,
				"LONGITUDE" : 103.740464,
				"DESCP" : "Boon Lay Way by Jurong East Central",
				"INC_CRC" : "619D6BC925A0BB50",
				"FMEL_UPD_D" : "20170208135432"
			}
		},
		{
			"type" : "Feature",
			"geometry" : {
				"type" : "Point",
				"coordinates" : [ 103.78735099999993, 1.3175979999951017 ]
			},
			"properties" : {
				"OBJECTID" : 9,
				"ID" : 9,
				"ROAD_NAME" : "Holland Road",
				"DIRECTION" : "Holland Avenue",
				"LATITUDE" : 1.317598,
				"LONGITUDE" : 103.787351,
				"DESCP" : "Holland Road by Sixth Avenue",
				"INC_CRC" : "E8226851A53BEF04",
				"FMEL_UPD_D" : "20170208135432"
			}
		},
		{
			"type" : "Feature",
			"geometry" : {
				"type" : "Point",
				"coordinates" : [ 103.87801399999927, 1.3350939999996936 ]
			},
			"properties" : {
				"OBJECTID" : 10,
				"ID" : 10,
				"ROAD_NAME" : "Upper Aljiunied Road",
				"DIRECTION" : "Upper Serangoon Road",
				"LATITUDE" : 1.335094,
				"LONGITUDE" : 103.878014,
				"DESCP" : "Upper Aljiunied Road by Cedar Avenue",
				"INC_CRC" : "0F2D748EA1164D12",
				"FMEL_UPD_D" : "20170208135432"
			}
		},
		{
			"type" : "Feature",
			"geometry" : {
				"type" : "Point",
				"coordinates" : [ 103.83136099999992, 1.3801090000011158 ]
			},
			"properties" : {
				"OBJECTID" : 11,
				"ID" : 11,
				"ROAD_NAME" : "Yio Chu Kang Road",
				"DIRECTION" : "Lentor Avenue",
				"LATITUDE" : 1.380109,
				"LONGITUDE" : 103.831361,
				"DESCP" : "Yio Chu Kang Road by Munshi Abdullah Avenue",
				"INC_CRC" : "DA90C083EE87FA33",
				"FMEL_UPD_D" : "20170208135432"
			}
		},
		{
			"type" : "Feature",
			"geometry" : {
				"type" : "Point",
				"coordinates" : [ 103.70539500000243, 1.3471710000010462 ]
			},
			"properties" : {
				"OBJECTID" : 12,
				"ID" : 12,
				"ROAD_NAME" : "Jurong West Avenue 2",
				"DIRECTION" : "Upper Jurong Road",
				"LATITUDE" : 1.347171,
				"LONGITUDE" : 103.705395,
				"DESCP" : "Jurong West Avenue 2 by Jln Boon Lay",
				"INC_CRC" : "20AAD9D594D2A92E",
				"FMEL_UPD_D" : "20170208135432"
			}
		},
		{
			"type" : "Feature",
			"geometry" : {
				"type" : "Point",
				"coordinates" : [ 103.71449999999972, 1.348682999997291 ]
			},
			"properties" : {
				"OBJECTID" : 13,
				"ID" : 13,
				"ROAD_NAME" : "Corporation Road",
				"DIRECTION" : "Jurong West Avenue 2",
				"LATITUDE" : 1.348683,
				"LONGITUDE" : 103.7145,
				"DESCP" : "Corporation Road by Jurong West Avenue 1",
				"INC_CRC" : "B4277226A8BA9022",
				"FMEL_UPD_D" : "20170208135432"
			}
		},
		{
			"type" : "Feature",
			"geometry" : {
				"type" : "Point",
				"coordinates" : [ 103.75622200000161, 1.3473430000034778 ]
			},
			"properties" : {
				"OBJECTID" : 14,
				"ID" : 14,
				"ROAD_NAME" : "Bukit Batok East Avenue 3",
				"DIRECTION" : "Bukit Batok Central",
				"LATITUDE" : 1.347343,
				"LONGITUDE" : 103.756222,
				"DESCP" : "Bukit Batok East Avenue 3 by Bukit Batok St 21",
				"INC_CRC" : "94503BC1E1B053BD",
				"FMEL_UPD_D" : "20170208135432"
			}
		},
		{
			"type" : "Feature",
			"geometry" : {
				"type" : "Point",
				"coordinates" : [ 103.77252000000408, 1.3795599999967172 ]
			},
			"properties" : {
				"OBJECTID" : 15,
				"ID" : 15,
				"ROAD_NAME" : "Bukit Panjang Ring Road",
				"DIRECTION" : "Bukit Panjang  Road",
				"LATITUDE" : 1.37956,
				"LONGITUDE" : 103.77252,
				"DESCP" : "Bukit Panjang Ring Road by Bangkit Road",
				"INC_CRC" : "3B112C0D054B6CC6",
				"FMEL_UPD_D" : "20170208135432"
			}
		},
		{
			"type" : "Feature",
			"geometry" : {
				"type" : "Point",
				"coordinates" : [ 103.9551699999974, 1.3325539999990665 ]
			},
			"properties" : {
				"OBJECTID" : 16,
				"ID" : 16,
				"ROAD_NAME" : "Upper Changi Road East",
				"DIRECTION" : "Bedok Road",
				"LATITUDE" : 1.332554,
				"LONGITUDE" : 103.95517,
				"DESCP" : "Upper Changi Road East by Xilin Avenue",
				"INC_CRC" : "73C875CCF61E1231",
				"FMEL_UPD_D" : "20170208135432"
			}
		},
		{
			"type" : "Feature",
			"geometry" : {
				"type" : "Point",
				"coordinates" : [ 103.94270799999894, 1.346369999996967 ]
			},
			"properties" : {
				"OBJECTID" : 17,
				"ID" : 17,
				"ROAD_NAME" : "Tampines Avenue 1",
				"DIRECTION" : "Tampines Avenue 2",
				"LATITUDE" : 1.34637,
				"LONGITUDE" : 103.942708,
				"DESCP" : "Tampines Avenue 1 by Tampines Avenue 5",
				"INC_CRC" : "456F015F8DC826FF",
				"FMEL_UPD_D" : "20170208135432"
			}
		},
		{
			"type" : "Feature",
			"geometry" : {
				"type" : "Point",
				"coordinates" : [ 103.94296999999754, 1.346032000004062 ]
			},
			"properties" : {
				"OBJECTID" : 18,
				"ID" : 18,
				"ROAD_NAME" : "Tampines Avenue 5",
				"DIRECTION" : "Tampines Avenue 4",
				"LATITUDE" : 1.346032,
				"LONGITUDE" : 103.94297,
				"DESCP" : "Tampines Avenue 5 by Tampines Avenue 1",
				"INC_CRC" : "6DDD5A8356F2D5C9",
				"FMEL_UPD_D" : "20170208135432"
			}
		},
		{
			"type" : "Feature",
			"geometry" : {
				"type" : "Point",
				"coordinates" : [ 103.90536999999567, 1.317811000001976 ]
			},
			"properties" : {
				"OBJECTID" : 19,
				"ID" : 19,
				"ROAD_NAME" : "Changi Road",
				"DIRECTION" : "Geylang Road",
				"LATITUDE" : 1.317811,
				"LONGITUDE" : 103.90537,
				"DESCP" : "Changi Road by Jalan Eunos",
				"INC_CRC" : "56775F76B2B8AD2A",
				"FMEL_UPD_D" : "20170208135432"
			}
		},
		{
			"type" : "Feature",
			"geometry" : {
				"type" : "Point",
				"coordinates" : [ 103.90524799999861, 1.3180539999948766 ]
			},
			"properties" : {
				"OBJECTID" : 20,
				"ID" : 20,
				"ROAD_NAME" : "Jln Eunos",
				"DIRECTION" : "Still Road",
				"LATITUDE" : 1.318054,
				"LONGITUDE" : 103.905248,
				"DESCP" : "Jln Eunos by Changi Road",
				"INC_CRC" : "BCDD11BBFEA92C02",
				"FMEL_UPD_D" : "20170208135432"
			}
		},
		{
			"type" : "Feature",
			"geometry" : {
				"type" : "Point",
				"coordinates" : [ 103.9644360000033, 1.3636269999962867 ]
			},
			"properties" : {
				"OBJECTID" : 21,
				"ID" : 21,
				"ROAD_NAME" : "Loyang Avenue",
				"DIRECTION" : "TPE",
				"LATITUDE" : 1.363627,
				"LONGITUDE" : 103.964436,
				"DESCP" : "Loyang Avenue by Pasir Ris Drive 1",
				"INC_CRC" : "C3D17644CEE1F8C5",
				"FMEL_UPD_D" : "20170208135432"
			}
		},
		{
			"type" : "Feature",
			"geometry" : {
				"type" : "Point",
				"coordinates" : [ 103.83974000000349, 1.3510310000000403 ]
			},
			"properties" : {
				"OBJECTID" : 22,
				"ID" : 22,
				"ROAD_NAME" : "Marymount Road",
				"DIRECTION" : "Ang Mo Kio Avenue 6",
				"LATITUDE" : 1.351031,
				"LONGITUDE" : 103.83974,
				"DESCP" : "Marymount Road by Shunfu Road",
				"INC_CRC" : "52A08D6A9FAC4033",
				"FMEL_UPD_D" : "20170208135432"
			}
		},
		{
			"type" : "Feature",
			"geometry" : {
				"type" : "Point",
				"coordinates" : [ 103.77046999999878, 1.3485400000029955 ]
			},
			"properties" : {
				"OBJECTID" : 23,
				"ID" : 23,
				"ROAD_NAME" : "Upp Bukit Timah Road",
				"DIRECTION" : "Woodlands Road",
				"LATITUDE" : 1.34854,
				"LONGITUDE" : 103.77047,
				"DESCP" : "Upp Bukit Timah Road by Old Jurong Road",
				"INC_CRC" : "78BC24729073C3C1",
				"FMEL_UPD_D" : "20170208135432"
			}
		},
		{
			"type" : "Feature",
			"geometry" : {
				"type" : "Point",
				"coordinates" : [ 103.823692000001, 1.2815589999942831 ]
			},
			"properties" : {
				"OBJECTID" : 24,
				"ID" : 24,
				"ROAD_NAME" : "Lower Delta Road",
				"DIRECTION" : "Delta Road",
				"LATITUDE" : 1.281559,
				"LONGITUDE" : 103.823692,
				"DESCP" : "Lower Delta Road by Jalan Bt Merah",
				"INC_CRC" : "1103FF73CE4B1553",
				"FMEL_UPD_D" : "20170208135432"
			}
		},
		{
			"type" : "Feature",
			"geometry" : {
				"type" : "Point",
				"coordinates" : [ 103.93283299999601, 1.3195240000035044 ]
			},
			"properties" : {
				"OBJECTID" : 25,
				"ID" : 25,
				"ROAD_NAME" : "Bedok South Avenue 1",
				"DIRECTION" : "Upper East Coast Road",
				"LATITUDE" : 1.319524,
				"LONGITUDE" : 103.932833,
				"DESCP" : "Bedok South Avenue 1 by Bedok South Road",
				"INC_CRC" : "88A4C3BED17C7EDF",
				"FMEL_UPD_D" : "20170208135432"
			}
		},
		{
			"type" : "Feature",
			"geometry" : {
				"type" : "Point",
				"coordinates" : [ 103.8377260000009, 1.339356999995506 ]
			},
			"properties" : {
				"OBJECTID" : 26,
				"ID" : 26,
				"ROAD_NAME" : "Marymount Road",
				"DIRECTION" : "City",
				"LATITUDE" : 1.339357,
				"LONGITUDE" : 103.837726,
				"DESCP" : "Marymount Road by Thomson Road",
				"INC_CRC" : "905EB1A6E6931397",
				"FMEL_UPD_D" : "20170208135432"
			}
		},
		{
			"type" : "Feature",
			"geometry" : {
				"type" : "Point",
				"coordinates" : [ 103.95978300000372, 1.3678940000034239 ]
			},
			"properties" : {
				"OBJECTID" : 27,
				"ID" : 27,
				"ROAD_NAME" : "Pasir Ris Drive 1",
				"DIRECTION" : "Pasir Ris Drive 6",
				"LATITUDE" : 1.367894,
				"LONGITUDE" : 103.959783,
				"DESCP" : "Pasir Ris Drive 1 by Pasir Ris St 12",
				"INC_CRC" : "5B8C8BED1B0A2D27",
				"FMEL_UPD_D" : "20170208135432"
			}
		},
		{
			"type" : "Feature",
			"geometry" : {
				"type" : "Point",
				"coordinates" : [ 103.84325499999682, 1.3192020000027769 ]
			},
			"properties" : {
				"OBJECTID" : 28,
				"ID" : 28,
				"ROAD_NAME" : "Newton Road",
				"DIRECTION" : "Moulmein Road",
				"LATITUDE" : 1.319202,
				"LONGITUDE" : 103.843255,
				"DESCP" : "Newton Road by Thomson Road",
				"INC_CRC" : "0E9D004C172E35A8",
				"FMEL_UPD_D" : "20170208135432"
			}
		},
		{
			"type" : "Feature",
			"geometry" : {
				"type" : "Point",
				"coordinates" : [ 103.77316300000284, 1.432235000003168 ]
			},
			"properties" : {
				"OBJECTID" : 29,
				"ID" : 29,
				"ROAD_NAME" : "Woodlands Avenue 3",
				"DIRECTION" : "Woodlands Road",
				"LATITUDE" : 1.432235,
				"LONGITUDE" : 103.773163,
				"DESCP" : "Woodlands Avenue 3 by Woodlands Avenue 1",
				"INC_CRC" : "C44A8B0ECE66D0F2",
				"FMEL_UPD_D" : "20170208135432"
			}
		},
		{
			"type" : "Feature",
			"geometry" : {
				"type" : "Point",
				"coordinates" : [ 103.8187230000019, 1.3359539999989771 ]
			},
			"properties" : {
				"OBJECTID" : 30,
				"ID" : 30,
				"ROAD_NAME" : "Lornie Road",
				"DIRECTION" : "Adam Road",
				"LATITUDE" : 1.335954,
				"LONGITUDE" : 103.818723,
				"DESCP" : "Lornie Road by Sime Road",
				"INC_CRC" : "CCBF31D2A7A1E016",
				"FMEL_UPD_D" : "20170208135432"
			}
		},
		{
			"type" : "Feature",
			"geometry" : {
				"type" : "Point",
				"coordinates" : [ 103.81841100000325, 1.3356120000021217 ]
			},
			"properties" : {
				"OBJECTID" : 31,
				"ID" : 31,
				"ROAD_NAME" : "Adam Road",
				"DIRECTION" : "Lornie Road",
				"LATITUDE" : 1.335612,
				"LONGITUDE" : 103.818411,
				"DESCP" : "Adam Road by Sime Road",
				"INC_CRC" : "8B84CF854AD89B71",
				"FMEL_UPD_D" : "20170208135432"
			}
		},
		{
			"type" : "Feature",
			"geometry" : {
				"type" : "Point",
				"coordinates" : [ 103.90346999999903, 1.3820799999975333 ]
			},
			"properties" : {
				"OBJECTID" : 32,
				"ID" : 32,
				"ROAD_NAME" : "Sengkang East Dr",
				"DIRECTION" : "Upper Serangoon Road",
				"LATITUDE" : 1.38208,
				"LONGITUDE" : 103.90347,
				"DESCP" : "Sengkang East Dr by Sengkang East Avenue",
				"INC_CRC" : "05548FFAE3A4095D",
				"FMEL_UPD_D" : "20170208135432"
			}
		},
		{
			"type" : "Feature",
			"geometry" : {
				"type" : "Point",
				"coordinates" : [ 103.8887019999977, 1.3609999999997955 ]
			},
			"properties" : {
				"OBJECTID" : 33,
				"ID" : 33,
				"ROAD_NAME" : "Tampines Road",
				"DIRECTION" : "Upp Serangoon Road",
				"LATITUDE" : 1.361,
				"LONGITUDE" : 103.888702,
				"DESCP" : "Tampines Road by Hougang Avenue 1",
				"INC_CRC" : "792F7E7F69476B80",
				"FMEL_UPD_D" : "20170208135432"
			}
		},
		{
			"type" : "Feature",
			"geometry" : {
				"type" : "Point",
				"coordinates" : [ 103.88701599999676, 1.380543999997972 ]
			},
			"properties" : {
				"OBJECTID" : 34,
				"ID" : 34,
				"ROAD_NAME" : "Buangkok Green",
				"DIRECTION" : "Sengkang East Road",
				"LATITUDE" : 1.380544,
				"LONGITUDE" : 103.887016,
				"DESCP" : "Buangkok Green by Hougang St 51",
				"INC_CRC" : "CCB7D1AE57885BFE",
				"FMEL_UPD_D" : "20170208135432"
			}
		},
		{
			"type" : "Feature",
			"geometry" : {
				"type" : "Point",
				"coordinates" : [ 103.7676470000026, 1.3796210000004367 ]
			},
			"properties" : {
				"OBJECTID" : 35,
				"ID" : 35,
				"ROAD_NAME" : "Bukit Panjang Road",
				"DIRECTION" : "Choa Chu Kang Road",
				"LATITUDE" : 1.379621,
				"LONGITUDE" : 103.767647,
				"DESCP" : "Bukit Panjang Road by Gangsa Road",
				"INC_CRC" : "4098032549D29A7F",
				"FMEL_UPD_D" : "20170208135432"
			}
		},
		{
			"type" : "Feature",
			"geometry" : {
				"type" : "Point",
				"coordinates" : [ 103.80829000000256, 1.2917499999995299 ]
			},
			"properties" : {
				"OBJECTID" : 36,
				"ID" : 36,
				"ROAD_NAME" : "Alexandra Road",
				"DIRECTION" : "Tiong Bahru Road",
				"LATITUDE" : 1.29175,
				"LONGITUDE" : 103.80829,
				"DESCP" : "Alexandra Road by Commonwealth Avenue",
				"INC_CRC" : "AC46846EEF669305",
				"FMEL_UPD_D" : "20170208135432"
			}
		},
		{
			"type" : "Feature",
			"geometry" : {
				"type" : "Point",
				"coordinates" : [ 103.76416800000014, 1.3255479999957784 ]
			},
			"properties" : {
				"OBJECTID" : 37,
				"ID" : 37,
				"ROAD_NAME" : "Clementi Avenue 6",
				"DIRECTION" : "PIE",
				"LATITUDE" : 1.325548,
				"LONGITUDE" : 103.764168,
				"DESCP" : "Clementi Avenue 6 by Clementi Loop",
				"INC_CRC" : "DB316D8057F2A05D",
				"FMEL_UPD_D" : "20170208135432"
			}
		},
		{
			"type" : "Feature",
			"geometry" : {
				"type" : "Point",
				"coordinates" : [ 103.77643500000318, 1.2883509999958027 ]
			},
			"properties" : {
				"OBJECTID" : 38,
				"ID" : 38,
				"ROAD_NAME" : "West Coast H'way",
				"DIRECTION" : "Pasir Panjang Road",
				"LATITUDE" : 1.288351,
				"LONGITUDE" : 103.776435,
				"DESCP" : "West Coast H'way by Wholesale Centre",
				"INC_CRC" : "2A0D62F1DB34ADD3",
				"FMEL_UPD_D" : "20170208135432"
			}
		},
		{
			"type" : "Feature",
			"geometry" : {
				"type" : "Point",
				"coordinates" : [ 103.77659999999554, 1.2878460000011667 ]
			},
			"properties" : {
				"OBJECTID" : 39,
				"ID" : 39,
				"ROAD_NAME" : "West Coast H'way",
				"DIRECTION" : "Pandan Garden",
				"LATITUDE" : 1.287846,
				"LONGITUDE" : 103.7766,
				"DESCP" : "West Coast H'way by Wholesale Centre",
				"INC_CRC" : "554BCC064BD692C6",
				"FMEL_UPD_D" : "20170208135432"
			}
		},
		{
			"type" : "Feature",
			"geometry" : {
				"type" : "Point",
				"coordinates" : [ 103.83457300000097, 1.353280999999051 ]
			},
			"properties" : {
				"OBJECTID" : 40,
				"ID" : 40,
				"ROAD_NAME" : "Upp Thomson Road",
				"DIRECTION" : "Braddell Road",
				"LATITUDE" : 1.353281,
				"LONGITUDE" : 103.834573,
				"DESCP" : "Upp Thomson Road by Jln Todak",
				"INC_CRC" : "A5A399CAC2ABC494",
				"FMEL_UPD_D" : "20170208135432"
			}
		},
		{
			"type" : "Feature",
			"geometry" : {
				"type" : "Point",
				"coordinates" : [ 103.83574099999579, 1.3512550000003487 ]
			},
			"properties" : {
				"OBJECTID" : 41,
				"ID" : 41,
				"ROAD_NAME" : "Upper Thomson Road",
				"DIRECTION" : "Sembwang Road",
				"LATITUDE" : 1.351255,
				"LONGITUDE" : 103.835741,
				"DESCP" : "Upper Thomson Road by Jln Pelatina",
				"INC_CRC" : "520E6C6CC4D7930B",
				"FMEL_UPD_D" : "20170208135432"
			}
		},
		{
			"type" : "Feature",
			"geometry" : {
				"type" : "Point",
				"coordinates" : [ 103.82697999999654, 1.3244699999953486 ]
			},
			"properties" : {
				"OBJECTID" : 42,
				"ID" : 42,
				"ROAD_NAME" : "Whitley Road",
				"DIRECTION" : "Stevens Road",
				"LATITUDE" : 1.32447,
				"LONGITUDE" : 103.82698,
				"DESCP" : "Whitley Road by Mount Pleasant Road",
				"INC_CRC" : "DB235074256FDA9C",
				"FMEL_UPD_D" : "20170208135432"
			}
		},
		{
			"type" : "Feature",
			"geometry" : {
				"type" : "Point",
				"coordinates" : [ 103.89664999999626, 1.3371499999954748 ]
			},
			"properties" : {
				"OBJECTID" : 43,
				"ID" : 43,
				"ROAD_NAME" : "Eunos Link",
				"DIRECTION" : "Hougang Avenue 3",
				"LATITUDE" : 1.33715,
				"LONGITUDE" : 103.89665,
				"DESCP" : "Eunos Link by Airport Road",
				"INC_CRC" : "09409E67BF027859",
				"FMEL_UPD_D" : "20170208135432"
			}
		},
		{
			"type" : "Feature",
			"geometry" : {
				"type" : "Point",
				"coordinates" : [ 103.90450100000302, 1.3296730000025314 ]
			},
			"properties" : {
				"OBJECTID" : 44,
				"ID" : 44,
				"ROAD_NAME" : "Eunos Link",
				"DIRECTION" : "PIE",
				"LATITUDE" : 1.329673,
				"LONGITUDE" : 103.904501,
				"DESCP" : "Eunos Link by Bedok Reservoir Road",
				"INC_CRC" : "FBD74FBB9529FF3A",
				"FMEL_UPD_D" : "20170208135432"
			}
		},
		{
			"type" : "Feature",
			"geometry" : {
				"type" : "Point",
				"coordinates" : [ 103.90483999999833, 1.3292000000035742 ]
			},
			"properties" : {
				"OBJECTID" : 45,
				"ID" : 45,
				"ROAD_NAME" : "Jalan Eunos",
				"DIRECTION" : "Hougang Avenue 3",
				"LATITUDE" : 1.3292,
				"LONGITUDE" : 103.90484,
				"DESCP" : "Jalan Eunos by Bedok Reservior Road",
				"INC_CRC" : "26512E72668859D2",
				"FMEL_UPD_D" : "20170208135432"
			}
		},
		{
			"type" : "Feature",
			"geometry" : {
				"type" : "Point",
				"coordinates" : [ 103.84269000000349, 1.3639830000004365 ]
			},
			"properties" : {
				"OBJECTID" : 46,
				"ID" : 46,
				"ROAD_NAME" : "Marymount Road",
				"DIRECTION" : "Ang Mo Kio Avenue 6",
				"LATITUDE" : 1.363983,
				"LONGITUDE" : 103.84269,
				"DESCP" : "Marymount Road by Ang Mo Kio Avenue 1",
				"INC_CRC" : "B31B1ABC23B3EB79",
				"FMEL_UPD_D" : "20170208135432"
			}
		},
		{
			"type" : "Feature",
			"geometry" : {
				"type" : "Point",
				"coordinates" : [ 103.8432680000026, 1.364199999995637 ]
			},
			"properties" : {
				"OBJECTID" : 47,
				"ID" : 47,
				"ROAD_NAME" : "Ang Mo Kio Avenue 1",
				"DIRECTION" : "Upper Thomson",
				"LATITUDE" : 1.3642,
				"LONGITUDE" : 103.843268,
				"DESCP" : "Ang Mo Kio Avenue 1ÿby Marymount Road",
				"INC_CRC" : "A6332C17DDB87A1D",
				"FMEL_UPD_D" : "20170208135432"
			}
		},
		{
			"type" : "Feature",
			"geometry" : {
				"type" : "Point",
				"coordinates" : [ 103.85737499999954, 1.3552319999971658 ]
			},
			"properties" : {
				"OBJECTID" : 48,
				"ID" : 48,
				"ROAD_NAME" : "Ang Mo Kio Avenue 1",
				"DIRECTION" : "Ang Mo Kio Avenue 10",
				"LATITUDE" : 1.355232,
				"LONGITUDE" : 103.857375,
				"DESCP" : "Ang Mo Kio Avenue 1 by CTE",
				"INC_CRC" : "F8FC2D2AB29D0493",
				"FMEL_UPD_D" : "20170208135432"
			}
		},
		{
			"type" : "Feature",
			"geometry" : {
				"type" : "Point",
				"coordinates" : [ 103.85613200000216, 1.3558740000032476 ]
			},
			"properties" : {
				"OBJECTID" : 49,
				"ID" : 49,
				"ROAD_NAME" : "Ang Mo Kio Avenue 1",
				"DIRECTION" : "Lor Chuan",
				"LATITUDE" : 1.355874,
				"LONGITUDE" : 103.856132,
				"DESCP" : "Ang Mo Kio Avenue 1 by CTE",
				"INC_CRC" : "440630F9545368FB",
				"FMEL_UPD_D" : "20170208135432"
			}
		},
		{
			"type" : "Feature",
			"geometry" : {
				"type" : "Point",
				"coordinates" : [ 103.86423699999557, 1.370336000001861 ]
			},
			"properties" : {
				"OBJECTID" : 50,
				"ID" : 50,
				"ROAD_NAME" : "Ang Mo Kio Avenue 3",
				"DIRECTION" : "CTE",
				"LATITUDE" : 1.370336,
				"LONGITUDE" : 103.864237,
				"DESCP" : "Ang Mo Kio Avenue 3 by Ang Mo Kio Industrial Park 2",
				"INC_CRC" : "D32DC84B7FA95379",
				"FMEL_UPD_D" : "20170208135432"
			}
		},
		{
			"type" : "Feature",
			"geometry" : {
				"type" : "Point",
				"coordinates" : [ 103.79897300000256, 1.426988999999627 ]
			},
			"properties" : {
				"OBJECTID" : 51,
				"ID" : 51,
				"ROAD_NAME" : "Woodlands Avenue 12",
				"DIRECTION" : "SLE",
				"LATITUDE" : 1.426989,
				"LONGITUDE" : 103.798973,
				"DESCP" : "Woodlands Avenue 12 by Woodlands Avenue 1",
				"INC_CRC" : "8F0E8D111E9FCBFA",
				"FMEL_UPD_D" : "20170208135432"
			}
		},
		{
			"type" : "Feature",
			"geometry" : {
				"type" : "Point",
				"coordinates" : [ 103.75415000000345, 1.3764350000025352 ]
			},
			"properties" : {
				"OBJECTID" : 52,
				"ID" : 52,
				"ROAD_NAME" : "Choa Chu Kang Road",
				"DIRECTION" : "Bukit Batok Road",
				"LATITUDE" : 1.376435,
				"LONGITUDE" : 103.75415,
				"DESCP" : "Choa Chu Kang Road by Choa Chu Kang Way",
				"INC_CRC" : "9EFA6BEF98AB1EB4",
				"FMEL_UPD_D" : "20170208135432"
			}
		},
		{
			"type" : "Feature",
			"geometry" : {
				"type" : "Point",
				"coordinates" : [ 103.7602459999996, 1.3375750000028925 ]
			},
			"properties" : {
				"OBJECTID" : 53,
				"ID" : 53,
				"ROAD_NAME" : "Bukit Batok East Avenue 3",
				"DIRECTION" : "Toh Tuck Avenue",
				"LATITUDE" : 1.337575,
				"LONGITUDE" : 103.760246,
				"DESCP" : "Bukit Batok East Avenue 3 by Toh Tuck Road",
				"INC_CRC" : "1540DA9E7C82B135",
				"FMEL_UPD_D" : "20170208135432"
			}
		},
		{
			"type" : "Feature",
			"geometry" : {
				"type" : "Point",
				"coordinates" : [ 103.85961499999856, 1.299865000002053 ]
			},
			"properties" : {
				"OBJECTID" : 54,
				"ID" : 54,
				"ROAD_NAME" : "Beach Road",
				"DIRECTION" : "Bras Basah Road",
				"LATITUDE" : 1.299865,
				"LONGITUDE" : 103.859615,
				"DESCP" : "Beach Road by Ophir Road",
				"INC_CRC" : "B69607AD865C7B10",
				"FMEL_UPD_D" : "20170208135432"
			}
		},
		{
			"type" : "Feature",
			"geometry" : {
				"type" : "Point",
				"coordinates" : [ 103.87696199999635, 1.3827629999965418 ]
			},
			"properties" : {
				"OBJECTID" : 55,
				"ID" : 55,
				"ROAD_NAME" : "Yio Chu Kang Road",
				"DIRECTION" : "Jalan Kayu",
				"LATITUDE" : 1.382763,
				"LONGITUDE" : 103.876962,
				"DESCP" : "Yio Chu Kang Road by Jalan Kelulut",
				"INC_CRC" : "E06CD69C07F1B2ED",
				"FMEL_UPD_D" : "20170208135432"
			}
		},
		{
			"type" : "Feature",
			"geometry" : {
				"type" : "Point",
				"coordinates" : [ 103.84458799999996, 1.3770759999965996 ]
			},
			"properties" : {
				"OBJECTID" : 56,
				"ID" : 56,
				"ROAD_NAME" : "Ang Mo Kio Avenue 6",
				"DIRECTION" : "Lentor Avenue",
				"LATITUDE" : 1.377076,
				"LONGITUDE" : 103.844588,
				"DESCP" : "Ang Mo Kio Avenue 6 by Ang Mo Kio Avenue 5",
				"INC_CRC" : "3583C2AA9B587FAE",
				"FMEL_UPD_D" : "20170208135432"
			}
		},
		{
			"type" : "Feature",
			"geometry" : {
				"type" : "Point",
				"coordinates" : [ 103.7709539999987, 1.4100870000049721 ]
			},
			"properties" : {
				"OBJECTID" : 57,
				"ID" : 57,
				"ROAD_NAME" : "Mandai Road",
				"DIRECTION" : "Sembawang Road",
				"LATITUDE" : 1.410087,
				"LONGITUDE" : 103.770954,
				"DESCP" : "Mandai Road by BKE",
				"INC_CRC" : "FB510B0FB838EF6A",
				"FMEL_UPD_D" : "20170208135432"
			}
		},
		{
			"type" : "Feature",
			"geometry" : {
				"type" : "Point",
				"coordinates" : [ 103.88979399999926, 1.3298099999984099 ]
			},
			"properties" : {
				"OBJECTID" : 58,
				"ID" : 58,
				"ROAD_NAME" : "Paya Lebar Road",
				"DIRECTION" : "Upper Paya Lebar Road",
				"LATITUDE" : 1.32981,
				"LONGITUDE" : 103.889794,
				"DESCP" : "Paya Lebar Road by Ubi Avenue 3",
				"INC_CRC" : "5514CD78610E2385",
				"FMEL_UPD_D" : "20170208135432"
			}
		},
		{
			"type" : "Feature",
			"geometry" : {
				"type" : "Point",
				"coordinates" : [ 103.82665300000077, 1.4299179999964853 ]
			},
			"properties" : {
				"OBJECTID" : 59,
				"ID" : 59,
				"ROAD_NAME" : "Sembawang Road",
				"DIRECTION" : "Canberra Road",
				"LATITUDE" : 1.429918,
				"LONGITUDE" : 103.826653,
				"DESCP" : "Sembawang Road by Yishun Avenue 5",
				"INC_CRC" : "1E48A914625C679E",
				"FMEL_UPD_D" : "20170208135432"
			}
		},
		{
			"type" : "Feature",
			"geometry" : {
				"type" : "Point",
				"coordinates" : [ 103.8443610000039, 1.381201000002087 ]
			},
			"properties" : {
				"OBJECTID" : 60,
				"ID" : 60,
				"ROAD_NAME" : "Ang Mo Kio Avenue 6",
				"DIRECTION" : "Ang Mo Kio Avenue 5",
				"LATITUDE" : 1.381201,
				"LONGITUDE" : 103.844361,
				"DESCP" : "Ang Mo Kio Avenue 6 by Ang Mo Kio Avenue 8",
				"INC_CRC" : "CA23AFFF5740065C",
				"FMEL_UPD_D" : "20170208135432"
			}
		},
		{
			"type" : "Feature",
			"geometry" : {
				"type" : "Point",
				"coordinates" : [ 103.90962999999832, 1.3053989999949378 ]
			},
			"properties" : {
				"OBJECTID" : 61,
				"ID" : 61,
				"ROAD_NAME" : "Marine Parade Road",
				"DIRECTION" : "Bedok South Avenue 1",
				"LATITUDE" : 1.305399,
				"LONGITUDE" : 103.90963,
				"DESCP" : "Marine Parade Road by Still Road South",
				"INC_CRC" : "6E3719DFE7CE9E62",
				"FMEL_UPD_D" : "20170208135432"
			}
		},
		{
			"type" : "Feature",
			"geometry" : {
				"type" : "Point",
				"coordinates" : [ 103.88912599999773, 1.3527260000039987 ]
			},
			"properties" : {
				"OBJECTID" : 62,
				"ID" : 62,
				"ROAD_NAME" : "Lor Ah Soo",
				"DIRECTION" : "Hougang Avenue 3",
				"LATITUDE" : 1.352726,
				"LONGITUDE" : 103.889126,
				"DESCP" : "Lor Ah Soo by Hougang Avenue 1",
				"INC_CRC" : "261730A98A0BF740",
				"FMEL_UPD_D" : "20170208135432"
			}
		},
		{
			"type" : "Feature",
			"geometry" : {
				"type" : "Point",
				"coordinates" : [ 103.95434499999914, 1.3521089999966287 ]
			},
			"properties" : {
				"OBJECTID" : 63,
				"ID" : 63,
				"ROAD_NAME" : "Tampines Avenue 2",
				"DIRECTION" : "Tampines Avenue 7",
				"LATITUDE" : 1.352109,
				"LONGITUDE" : 103.954345,
				"DESCP" : "Tampines Avenue 2 by Tampines Street 31",
				"INC_CRC" : "0899305ABFD86E2C",
				"FMEL_UPD_D" : "20170208135432"
			}
		},
		{
			"type" : "Feature",
			"geometry" : {
				"type" : "Point",
				"coordinates" : [ 103.92710399999805, 1.326886999995685 ]
			},
			"properties" : {
				"OBJECTID" : 64,
				"ID" : 64,
				"ROAD_NAME" : "Bedok North Avenue 1",
				"DIRECTION" : "New Upper Changi Road",
				"LATITUDE" : 1.326887,
				"LONGITUDE" : 103.927104,
				"DESCP" : "Bedok North Avenue 1 by Bedok North Street 1",
				"INC_CRC" : "DD0F14FE28D34070",
				"FMEL_UPD_D" : "20170208135432"
			}
		},
		{
			"type" : "Feature",
			"geometry" : {
				"type" : "Point",
				"coordinates" : [ 103.77361299999994, 1.3766060000024505 ]
			},
			"properties" : {
				"OBJECTID" : 65,
				"ID" : 65,
				"ROAD_NAME" : "Bukit Panjang Road",
				"DIRECTION" : "Woodlands Road",
				"LATITUDE" : 1.376606,
				"LONGITUDE" : 103.773613,
				"DESCP" : "Bukit Panjang Road by Bangkit Road",
				"INC_CRC" : "F1BD372DF285C67B",
				"FMEL_UPD_D" : "20170208135432"
			}
		},
		{
			"type" : "Feature",
			"geometry" : {
				"type" : "Point",
				"coordinates" : [ 103.85373199999727, 1.3587329999994295 ]
			},
			"properties" : {
				"OBJECTID" : 66,
				"ID" : 66,
				"ROAD_NAME" : "Ang Mo Kio Avenue 1",
				"DIRECTION" : "Lorong Chuan",
				"LATITUDE" : 1.358733,
				"LONGITUDE" : 103.853732,
				"DESCP" : "Ang Mo Kio Avenue 1 by Ang Mo Kio Avenue 10",
				"INC_CRC" : "92337F0197E471DF",
				"FMEL_UPD_D" : "20170208135432"
			}
		},
		{
			"type" : "Feature",
			"geometry" : {
				"type" : "Point",
				"coordinates" : [ 103.85498299999986, 1.33175099999814 ]
			},
			"properties" : {
				"OBJECTID" : 67,
				"ID" : 67,
				"ROAD_NAME" : "Toa Payoh Lor 6",
				"DIRECTION" : "Toa Payoh Lorong 4",
				"LATITUDE" : 1.331751,
				"LONGITUDE" : 103.854983,
				"DESCP" : "Toa Payoh Lor 6 by Kim Keat Link",
				"INC_CRC" : "E854C9723979BE38",
				"FMEL_UPD_D" : "20170208135432"
			}
		},
		{
			"type" : "Feature",
			"geometry" : {
				"type" : "Point",
				"coordinates" : [ 103.82991999999733, 1.2996699999960628 ]
			},
			"properties" : {
				"OBJECTID" : 68,
				"ID" : 68,
				"ROAD_NAME" : "Paterson Hill",
				"DIRECTION" : "River Valley Road",
				"LATITUDE" : 1.29967,
				"LONGITUDE" : 103.82992,
				"DESCP" : "Paterson Hill by Grange Road",
				"INC_CRC" : "8BB69F906EB252E4",
				"FMEL_UPD_D" : "20170208135432"
			}
		},
		{
			"type" : "Feature",
			"geometry" : {
				"type" : "Point",
				"coordinates" : [ 103.88275899999564, 1.3105970000000835 ]
			},
			"properties" : {
				"OBJECTID" : 69,
				"ID" : 69,
				"ROAD_NAME" : "Guillemard Road Road",
				"DIRECTION" : "City",
				"LATITUDE" : 1.310597,
				"LONGITUDE" : 103.882759,
				"DESCP" : "Guillemard Road Road by Geylang Lorong 22",
				"INC_CRC" : "02E055A97B5A8D45",
				"FMEL_UPD_D" : "20170208135432"
			}
		},
		{
			"type" : "Feature",
			"geometry" : {
				"type" : "Point",
				"coordinates" : [ 103.9333590000002, 1.3143859999960334 ]
			},
			"properties" : {
				"OBJECTID" : 70,
				"ID" : 70,
				"ROAD_NAME" : "Upper East Coast Road",
				"DIRECTION" : "Bedok Road",
				"LATITUDE" : 1.314386,
				"LONGITUDE" : 103.933359,
				"DESCP" : "Upper East Coast Road by Bedok South Avenue 1",
				"INC_CRC" : "F02FB60B50D4F3DC",
				"FMEL_UPD_D" : "20170208135432"
			}
		},
		{
			"type" : "Feature",
			"geometry" : {
				"type" : "Point",
				"coordinates" : [ 103.88714599999616, 1.3681299999987198 ]
			},
			"properties" : {
				"OBJECTID" : 71,
				"ID" : 71,
				"ROAD_NAME" : "Hougang Avenue 2",
				"DIRECTION" : "Hougang Avenue 3",
				"LATITUDE" : 1.36813,
				"LONGITUDE" : 103.887146,
				"DESCP" : "Hougang Avenue 2 by Hougang Avenue 10",
				"INC_CRC" : "CDE32962D838A352",
				"FMEL_UPD_D" : "20170208135432"
			}
		},
		{
			"type" : "Feature",
			"geometry" : {
				"type" : "Point",
				"coordinates" : [ 103.93271800000035, 1.3379229999999722 ]
			},
			"properties" : {
				"OBJECTID" : 72,
				"ID" : 72,
				"ROAD_NAME" : "Bedok Reservoir Road",
				"DIRECTION" : "Tampines Avenue 4",
				"LATITUDE" : 1.337923,
				"LONGITUDE" : 103.932718,
				"DESCP" : "Bedok Reservoir Road by Bedok North Avenue 3",
				"INC_CRC" : "123B013264B9C5A8",
				"FMEL_UPD_D" : "20170208135432"
			}
		},
		{
			"type" : "Feature",
			"geometry" : {
				"type" : "Point",
				"coordinates" : [ 103.96112000000272, 1.3602770000016577 ]
			},
			"properties" : {
				"OBJECTID" : 73,
				"ID" : 73,
				"ROAD_NAME" : "Loyang Avenue",
				"DIRECTION" : "Tampines Avenue 7",
				"LATITUDE" : 1.360277,
				"LONGITUDE" : 103.96112,
				"DESCP" : "Loyang Avenue by TPE",
				"INC_CRC" : "9F006BDA2FD696CA",
				"FMEL_UPD_D" : "20170208135432"
			}
		},
		{
			"type" : "Feature",
			"geometry" : {
				"type" : "Point",
				"coordinates" : [ 103.8801959999961, 1.3691069999958039 ]
			},
			"properties" : {
				"OBJECTID" : 74,
				"ID" : 74,
				"ROAD_NAME" : "Hougang Avenue 2",
				"DIRECTION" : "Ang Mo Kio Avenue 3",
				"LATITUDE" : 1.369107,
				"LONGITUDE" : 103.880196,
				"DESCP" : "Hougang Avenue 2 by Hougang Avenue 8",
				"INC_CRC" : "F96606FB7737AEBB",
				"FMEL_UPD_D" : "20170208135432"
			}
		},
		{
			"type" : "Feature",
			"geometry" : {
				"type" : "Point",
				"coordinates" : [ 103.77672099999563, 1.3209949999982544 ]
			},
			"properties" : {
				"OBJECTID" : 75,
				"ID" : 75,
				"ROAD_NAME" : "Ulu Pandan Road",
				"DIRECTION" : "Holland Road",
				"LATITUDE" : 1.320995,
				"LONGITUDE" : 103.776721,
				"DESCP" : "Ulu Pandan Road by Pandan Valley",
				"INC_CRC" : "BC0703C0E72CF0E9",
				"FMEL_UPD_D" : "20170208135432"
			}
		},
		{
			"type" : "Feature",
			"geometry" : {
				"type" : "Point",
				"coordinates" : [ 103.90777999999705, 1.3864899999993656 ]
			},
			"properties" : {
				"OBJECTID" : 76,
				"ID" : 76,
				"ROAD_NAME" : "Sengkang East Dr",
				"DIRECTION" : "Upper Serangoon Road",
				"LATITUDE" : 1.38649,
				"LONGITUDE" : 103.90778,
				"DESCP" : "Sengkang East Dr by Sengkang East Way",
				"INC_CRC" : "ACC9FB39B2D590F1",
				"FMEL_UPD_D" : "20170208135432"
			}
		},
		{
			"type" : "Feature",
			"geometry" : {
				"type" : "Point",
				"coordinates" : [ 103.69807600000316, 1.354769999998961 ]
			},
			"properties" : {
				"OBJECTID" : 77,
				"ID" : 77,
				"ROAD_NAME" : "Jalan Bahar",
				"DIRECTION" : "Nanyang Avenue",
				"LATITUDE" : 1.35477,
				"LONGITUDE" : 103.698076,
				"DESCP" : "Jalan Bahar by PIE",
				"INC_CRC" : "EF06C29915005930",
				"FMEL_UPD_D" : "20170208135432"
			}
		},
		{
			"type" : "Feature",
			"geometry" : {
				"type" : "Point",
				"coordinates" : [ 103.82305299999588, 1.2748709999979484 ]
			},
			"properties" : {
				"OBJECTID" : 78,
				"ID" : 78,
				"ROAD_NAME" : "Lower Delta Road",
				"DIRECTION" : "Kg Bahru Road",
				"LATITUDE" : 1.274871,
				"LONGITUDE" : 103.823053,
				"DESCP" : "Lower Delta Road by Bukit Purmei Avenue",
				"INC_CRC" : "755CA2F492B536C7",
				"FMEL_UPD_D" : "20170208135432"
			}
		},
		{
			"type" : "Feature",
			"geometry" : {
				"type" : "Point",
				"coordinates" : [ 103.82564000000298, 1.286128999995261 ]
			},
			"properties" : {
				"OBJECTID" : 79,
				"ID" : 79,
				"ROAD_NAME" : "Tiong Bahru Road",
				"DIRECTION" : "Leng Kee Road",
				"LATITUDE" : 1.286129,
				"LONGITUDE" : 103.82564,
				"DESCP" : "Tiong Bahru Road by Lower Delta Road",
				"INC_CRC" : "C2CBAC0EA39AC5A3",
				"FMEL_UPD_D" : "20170208135432"
			}
		},
		{
			"type" : "Feature",
			"geometry" : {
				"type" : "Point",
				"coordinates" : [ 103.89092100000379, 1.3458130000034998 ]
			},
			"properties" : {
				"OBJECTID" : 80,
				"ID" : 80,
				"ROAD_NAME" : "Hougang Avenue 3",
				"DIRECTION" : "Hougang Avenue 2",
				"LATITUDE" : 1.345813,
				"LONGITUDE" : 103.890921,
				"DESCP" : "Hougang Avenue 3 by Defu Avenue 1",
				"INC_CRC" : "CA2069396B14F8CE",
				"FMEL_UPD_D" : "20170208135432"
			}
		},
		{
			"type" : "Feature",
			"geometry" : {
				"type" : "Point",
				"coordinates" : [ 103.71250200000304, 1.3501920000028986 ]
			},
			"properties" : {
				"OBJECTID" : 81,
				"ID" : 81,
				"ROAD_NAME" : "Corporation Road",
				"DIRECTION" : "Boon Lay Way",
				"LATITUDE" : 1.350192,
				"LONGITUDE" : 103.712502,
				"DESCP" : "Corporation Road by Boon Lay Avenue",
				"INC_CRC" : "5883B6153FE131FC",
				"FMEL_UPD_D" : "20170208135432"
			}
		},
		{
			"type" : "Feature",
			"geometry" : {
				"type" : "Point",
				"coordinates" : [ 103.84477400000407, 1.3775850000004568 ]
			},
			"properties" : {
				"OBJECTID" : 82,
				"ID" : 82,
				"ROAD_NAME" : "Ang Mo Kio Avenue 6",
				"DIRECTION" : "Ang Mo Kio Avenue 3",
				"LATITUDE" : 1.377585,
				"LONGITUDE" : 103.844774,
				"DESCP" : "Ang Mo Kio Avenue 6 by Ang Mo Kio Avenue 5",
				"INC_CRC" : "59D4AEA2C46D7DEB",
				"FMEL_UPD_D" : "20170208135432"
			}
		},
		{
			"type" : "Feature",
			"geometry" : {
				"type" : "Point",
				"coordinates" : [ 103.78408099999709, 1.3185420000012122 ]
			},
			"properties" : {
				"OBJECTID" : 83,
				"ID" : 83,
				"ROAD_NAME" : "Holland Road",
				"DIRECTION" : "Ulu Pandan Road",
				"LATITUDE" : 1.318542,
				"LONGITUDE" : 103.784081,
				"DESCP" : "Holland Road by Holland Grove Road",
				"INC_CRC" : "C4F778FB4C9731E6",
				"FMEL_UPD_D" : "20170208135432"
			}
		},
		{
			"type" : "Feature",
			"geometry" : {
				"type" : "Point",
				"coordinates" : [ 103.86457699999761, 1.353967999999706 ]
			},
			"properties" : {
				"OBJECTID" : 84,
				"ID" : 84,
				"ROAD_NAME" : "Lor Chuan",
				"DIRECTION" : "CTE",
				"LATITUDE" : 1.353968,
				"LONGITUDE" : 103.864577,
				"DESCP" : "Lor Chuan by Ang Mo Kio Avenue 1",
				"INC_CRC" : "C2482F0DB44CD9B8",
				"FMEL_UPD_D" : "20170208135432"
			}
		},
		{
			"type" : "Feature",
			"geometry" : {
				"type" : "Point",
				"coordinates" : [ 103.83747099999805, 1.3486580000020196 ]
			},
			"properties" : {
				"OBJECTID" : 85,
				"ID" : 85,
				"ROAD_NAME" : "Upper Thomson Road",
				"DIRECTION" : "Braddell Road",
				"LATITUDE" : 1.348658,
				"LONGITUDE" : 103.837471,
				"DESCP" : "Upper Thomson Road by Marymount Lane",
				"INC_CRC" : "4FAC3DD65C453799",
				"FMEL_UPD_D" : "20170208135432"
			}
		},
		{
			"type" : "Feature",
			"geometry" : {
				"type" : "Point",
				"coordinates" : [ 103.84978499999659, 1.3685600000029945 ]
			},
			"properties" : {
				"OBJECTID" : 86,
				"ID" : 86,
				"ROAD_NAME" : "Ang Mo Kio Avenue 8",
				"DIRECTION" : "Ang Mo Kio Avenue 5",
				"LATITUDE" : 1.36856,
				"LONGITUDE" : 103.849785,
				"DESCP" : "Ang Mo Kio Avenue 8 by Ang Mo Kio Avenue 3",
				"INC_CRC" : "00767CAF39FC4FB0",
				"FMEL_UPD_D" : "20170208135432"
			}
		},
		{
			"type" : "Feature",
			"geometry" : {
				"type" : "Point",
				"coordinates" : [ 103.80459600000376, 1.4427449999973916 ]
			},
			"properties" : {
				"OBJECTID" : 87,
				"ID" : 87,
				"ROAD_NAME" : "Woodlands Avenue 7",
				"DIRECTION" : "Gambas Avenue",
				"LATITUDE" : 1.442745,
				"LONGITUDE" : 103.804596,
				"DESCP" : "Woodlands Avenue 7 by Woodlands Drive 72",
				"INC_CRC" : "39A9DF7F593A394D",
				"FMEL_UPD_D" : "20170208135432"
			}
		},
		{
			"type" : "Feature",
			"geometry" : {
				"type" : "Point",
				"coordinates" : [ 103.79860700000043, 1.426635000000061 ]
			},
			"properties" : {
				"OBJECTID" : 88,
				"ID" : 88,
				"ROAD_NAME" : "Woodlands Avenue 12",
				"DIRECTION" : "Gambas Avenue",
				"LATITUDE" : 1.426635,
				"LONGITUDE" : 103.798607,
				"DESCP" : "Woodlands Avenue 12 by Woodlands Avenue 1",
				"INC_CRC" : "B8867140EFD450E1",
				"FMEL_UPD_D" : "20170208135432"
			}
		},
		{
			"type" : "Feature",
			"geometry" : {
				"type" : "Point",
				"coordinates" : [ 103.84254000000081, 1.3644500000002802 ]
			},
			"properties" : {
				"OBJECTID" : 89,
				"ID" : 89,
				"ROAD_NAME" : "Ang Mo Kio Avenue 1",
				"DIRECTION" : "Ang Mo Kio Avenue 8",
				"LATITUDE" : 1.36445,
				"LONGITUDE" : 103.84254,
				"DESCP" : "Ang Mo Kio Avenue 1 by Ang Mo Kio Avenue 6",
				"INC_CRC" : "CF05C67BCAF0DD06",
				"FMEL_UPD_D" : "20170208135432"
			}
		},
		{
			"type" : "Feature",
			"geometry" : {
				"type" : "Point",
				"coordinates" : [ 103.89426099999561, 1.3357109999988357 ]
			},
			"properties" : {
				"OBJECTID" : 90,
				"ID" : 90,
				"ROAD_NAME" : "Airport Road",
				"DIRECTION" : "Macpherson Road",
				"LATITUDE" : 1.335711,
				"LONGITUDE" : 103.894261,
				"DESCP" : "Airport Road by Ubi Road 2",
				"INC_CRC" : "2BE9FE0C75C85D6C",
				"FMEL_UPD_D" : "20170208135432"
			}
		},
		{
			"type" : "Feature",
			"geometry" : {
				"type" : "Point",
				"coordinates" : [ 103.7157580000004, 1.3456880000029097 ]
			},
			"properties" : {
				"OBJECTID" : 91,
				"ID" : 91,
				"ROAD_NAME" : "Boon Lay Dr",
				"DIRECTION" : "Boon Lay Way",
				"LATITUDE" : 1.345688,
				"LONGITUDE" : 103.715758,
				"DESCP" : "Boon Lay Dr by Corporation Road",
				"INC_CRC" : "1A587F2840424FA9",
				"FMEL_UPD_D" : "20170208135432"
			}
		},
		{
			"type" : "Feature",
			"geometry" : {
				"type" : "Point",
				"coordinates" : [ 103.9062700000018, 1.3887800000044057 ]
			},
			"properties" : {
				"OBJECTID" : 92,
				"ID" : 92,
				"ROAD_NAME" : "Rivervale Drive",
				"DIRECTION" : "Sengkang East Avenue",
				"LATITUDE" : 1.38878,
				"LONGITUDE" : 103.90627,
				"DESCP" : "Rivervale Drive by Sengkang East Way",
				"INC_CRC" : "C99B25210B58205E",
				"FMEL_UPD_D" : "20170208135432"
			}
		},
		{
			"type" : "Feature",
			"geometry" : {
				"type" : "Point",
				"coordinates" : [ 103.93598799999833, 1.3559450000026099 ]
			},
			"properties" : {
				"OBJECTID" : 93,
				"ID" : 93,
				"ROAD_NAME" : "Tampines Avenue 5",
				"DIRECTION" : "Simei Avenue",
				"LATITUDE" : 1.355945,
				"LONGITUDE" : 103.935988,
				"DESCP" : "Tampines Avenue 5 by Tampines Street 71",
				"INC_CRC" : "176B4C120DB5F27C",
				"FMEL_UPD_D" : "20170208135432"
			}
		},
		{
			"type" : "Feature",
			"geometry" : {
				"type" : "Point",
				"coordinates" : [ 103.82502699999846, 1.2864870000018094 ]
			},
			"properties" : {
				"OBJECTID" : 94,
				"ID" : 94,
				"ROAD_NAME" : "Tiong Bahru",
				"DIRECTION" : "Outram Road",
				"LATITUDE" : 1.286487,
				"LONGITUDE" : 103.825027,
				"DESCP" : "Tiong Bahru by Lower Delta Road",
				"INC_CRC" : "C10E79A47DFC453A",
				"FMEL_UPD_D" : "20170208135432"
			}
		},
		{
			"type" : "Feature",
			"geometry" : {
				"type" : "Point",
				"coordinates" : [ 103.936534999996, 1.356034999995272 ]
			},
			"properties" : {
				"OBJECTID" : 95,
				"ID" : 95,
				"ROAD_NAME" : "Tampines Avenue 5",
				"DIRECTION" : "Tampines Avenue 10",
				"LATITUDE" : 1.356035,
				"LONGITUDE" : 103.936535,
				"DESCP" : "Tampines Avenue 5 by Tampines Street 71",
				"INC_CRC" : "45ED66843F335E38",
				"FMEL_UPD_D" : "20170208135432"
			}
		},
		{
			"type" : "Feature",
			"geometry" : {
				"type" : "Point",
				"coordinates" : [ 103.93220499999778, 1.375908999998892 ]
			},
			"properties" : {
				"OBJECTID" : 96,
				"ID" : 96,
				"ROAD_NAME" : "Pasir Ris Drive 12",
				"DIRECTION" : "Tampines Avenue 10",
				"LATITUDE" : 1.375909,
				"LONGITUDE" : 103.932205,
				"DESCP" : "Pasir Ris Drive 12 by (Exit) TPE",
				"INC_CRC" : "721B62FDFD07109B",
				"FMEL_UPD_D" : "20170208135432"
			}
		},
		{
			"type" : "Feature",
			"geometry" : {
				"type" : "Point",
				"coordinates" : [ 103.74227499999752, 1.3630049999982063 ]
			},
			"properties" : {
				"OBJECTID" : 97,
				"ID" : 97,
				"ROAD_NAME" : "Bukit Batok Road",
				"DIRECTION" : "PIE",
				"LATITUDE" : 1.363005,
				"LONGITUDE" : 103.742275,
				"DESCP" : "Bukit Batok Road by Bt Batok West Avenue 2",
				"INC_CRC" : "B34BA20205A0CDDB",
				"FMEL_UPD_D" : "20170208135432"
			}
		},
		{
			"type" : "Feature",
			"geometry" : {
				"type" : "Point",
				"coordinates" : [ 103.8675080000028, 1.3553739999977643 ]
			},
			"properties" : {
				"OBJECTID" : 98,
				"ID" : 98,
				"ROAD_NAME" : "Lor Chuan",
				"DIRECTION" : "Boundary Road",
				"LATITUDE" : 1.355374,
				"LONGITUDE" : 103.867508,
				"DESCP" : "Lor Chuan by Serangoon Avenue 2",
				"INC_CRC" : "5D461C8CA50BEBE3",
				"FMEL_UPD_D" : "20170208135432"
			}
		},
		{
			"type" : "Feature",
			"geometry" : {
				"type" : "Point",
				"coordinates" : [ 103.86399199999698, 1.3540329999974396 ]
			},
			"properties" : {
				"OBJECTID" : 99,
				"ID" : 99,
				"ROAD_NAME" : "Ang Mo Kio Avenue 1",
				"DIRECTION" : "Boundary Road",
				"LATITUDE" : 1.354033,
				"LONGITUDE" : 103.863992,
				"DESCP" : "Ang Mo Kio Avenue 1 by Lor Chuan",
				"INC_CRC" : "5AFF466CDCEE4213",
				"FMEL_UPD_D" : "20170208135432"
			}
		},
		{
			"type" : "Feature",
			"geometry" : {
				"type" : "Point",
				"coordinates" : [ 103.89049499999884, 1.3462109999978202 ]
			},
			"properties" : {
				"OBJECTID" : 100,
				"ID" : 100,
				"ROAD_NAME" : "Hougang Avenue 3",
				"DIRECTION" : "Eunos Link",
				"LATITUDE" : 1.346211,
				"LONGITUDE" : 103.890495,
				"DESCP" : "Hougang Avenue 3 by Defu Avenue 1",
				"INC_CRC" : "A32239F3F04CD755",
				"FMEL_UPD_D" : "20170208135432"
			}
		},
		{
			"type" : "Feature",
			"geometry" : {
				"type" : "Point",
				"coordinates" : [ 103.82840499999571, 1.3682409999998806 ]
			},
			"properties" : {
				"OBJECTID" : 101,
				"ID" : 101,
				"ROAD_NAME" : "Upper Thomson Road",
				"DIRECTION" : "Thomson Road",
				"LATITUDE" : 1.368241,
				"LONGITUDE" : 103.828405,
				"DESCP" : "Upper Thomson Road by Ang Mo Kio Avenue 1",
				"INC_CRC" : "B1FDFAC25BAF5B9B",
				"FMEL_UPD_D" : "20170208135432"
			}
		},
		{
			"type" : "Feature",
			"geometry" : {
				"type" : "Point",
				"coordinates" : [ 103.77699999999558, 1.445056000005042 ]
			},
			"properties" : {
				"OBJECTID" : 102,
				"ID" : 102,
				"ROAD_NAME" : "Admiralty Road",
				"DIRECTION" : "Woodlands Centre Road",
				"LATITUDE" : 1.445056,
				"LONGITUDE" : 103.777,
				"DESCP" : "Admiralty Road by Marsiling Lane",
				"INC_CRC" : "9B4CAADD163A70C4",
				"FMEL_UPD_D" : "20170208135432"
			}
		},
		{
			"type" : "Feature",
			"geometry" : {
				"type" : "Point",
				"coordinates" : [ 103.70278200000241, 1.3457929999973686 ]
			},
			"properties" : {
				"OBJECTID" : 103,
				"ID" : 103,
				"ROAD_NAME" : "Jurong West Avenue 4",
				"DIRECTION" : "Pioneer Road North",
				"LATITUDE" : 1.345793,
				"LONGITUDE" : 103.702782,
				"DESCP" : "Jurong West Avenue 4 by Jurong West St 64",
				"INC_CRC" : "549E966C030DDE94",
				"FMEL_UPD_D" : "20170208135432"
			}
		},
		{
			"type" : "Feature",
			"geometry" : {
				"type" : "Point",
				"coordinates" : [ 103.83073999999715, 1.4419200000004562 ]
			},
			"properties" : {
				"OBJECTID" : 104,
				"ID" : 104,
				"ROAD_NAME" : "Canberra Link",
				"DIRECTION" : "Yishun Avenue 2",
				"LATITUDE" : 1.44192,
				"LONGITUDE" : 103.83074,
				"DESCP" : "Canberra Link by Yishun Industrial Park A",
				"INC_CRC" : "9A248FE45B36029A",
				"FMEL_UPD_D" : "20170208135432"
			}
		},
		{
			"type" : "Feature",
			"geometry" : {
				"type" : "Point",
				"coordinates" : [ 103.9055379999963, 1.325670000003318 ]
			},
			"properties" : {
				"OBJECTID" : 105,
				"ID" : 105,
				"ROAD_NAME" : "Jln Eunos",
				"DIRECTION" : "Hougang Avenue 3",
				"LATITUDE" : 1.32567,
				"LONGITUDE" : 103.905538,
				"DESCP" : "Jln Eunos by PIE",
				"INC_CRC" : "11E50714779CD9B8",
				"FMEL_UPD_D" : "20170208135432"
			}
		},
		{
			"type" : "Feature",
			"geometry" : {
				"type" : "Point",
				"coordinates" : [ 103.75846599999994, 1.330526999997248 ]
			},
			"properties" : {
				"OBJECTID" : 106,
				"ID" : 106,
				"ROAD_NAME" : "Toh Tuck Avenue",
				"DIRECTION" : "PIE",
				"LATITUDE" : 1.330527,
				"LONGITUDE" : 103.758466,
				"DESCP" : "Toh Tuck Avenue by Toh Tuck Link",
				"INC_CRC" : "D9B6DCEEA13E8B7C",
				"FMEL_UPD_D" : "20170208135432"
			}
		},
		{
			"type" : "Feature",
			"geometry" : {
				"type" : "Point",
				"coordinates" : [ 103.88771800000005, 1.380803000003211 ]
			},
			"properties" : {
				"OBJECTID" : 107,
				"ID" : 107,
				"ROAD_NAME" : "Buangkok Green",
				"DIRECTION" : "Ang Mo Kio Avenue 5",
				"LATITUDE" : 1.380803,
				"LONGITUDE" : 103.887718,
				"DESCP" : "Buangkok Green by Hougang Street 51",
				"INC_CRC" : "B1BDA907CEE6348E",
				"FMEL_UPD_D" : "20170208135432"
			}
		},
		{
			"type" : "Feature",
			"geometry" : {
				"type" : "Point",
				"coordinates" : [ 103.89040399999571, 1.3519839999997045 ]
			},
			"properties" : {
				"OBJECTID" : 108,
				"ID" : 108,
				"ROAD_NAME" : "Hougang Avenue 3",
				"DIRECTION" : "Hougang Avenue 2",
				"LATITUDE" : 1.351984,
				"LONGITUDE" : 103.890404,
				"DESCP" : "Hougang Avenue 3 by Lor Ah Soo",
				"INC_CRC" : "17A59DE26CCC6516",
				"FMEL_UPD_D" : "20170208135432"
			}
		},
		{
			"type" : "Feature",
			"geometry" : {
				"type" : "Point",
				"coordinates" : [ 103.89092600000042, 1.352374999998912 ]
			},
			"properties" : {
				"OBJECTID" : 109,
				"ID" : 109,
				"ROAD_NAME" : "Hougang Avenue 3",
				"DIRECTION" : "Euonos Link",
				"LATITUDE" : 1.352375,
				"LONGITUDE" : 103.890926,
				"DESCP" : "Hougang Avenue 3 by Lor Ah Soo",
				"INC_CRC" : "A759436633F18A69",
				"FMEL_UPD_D" : "20170208135432"
			}
		},
		{
			"type" : "Feature",
			"geometry" : {
				"type" : "Point",
				"coordinates" : [ 103.75919300000251, 1.330750999998624 ]
			},
			"properties" : {
				"OBJECTID" : 110,
				"ID" : 110,
				"ROAD_NAME" : "Toh Tuck Avenue",
				"DIRECTION" : "Boon Lay Way",
				"LATITUDE" : 1.330751,
				"LONGITUDE" : 103.759193,
				"DESCP" : "Toh Tuck Avenue by Toh Tuck Link",
				"INC_CRC" : "0384E4D370813B25",
				"FMEL_UPD_D" : "20170208135432"
			}
		},
		{
			"type" : "Feature",
			"geometry" : {
				"type" : "Point",
				"coordinates" : [ 103.95947300000094, 1.368107999996527 ]
			},
			"properties" : {
				"OBJECTID" : 111,
				"ID" : 111,
				"ROAD_NAME" : "Pasir Ris Drive 1",
				"DIRECTION" : "Loyang Avenue",
				"LATITUDE" : 1.368108,
				"LONGITUDE" : 103.959473,
				"DESCP" : "Pasir Ris Drive 1 by Pasir Ris Dr 4",
				"INC_CRC" : "8F7B83DF3F70448B",
				"FMEL_UPD_D" : "20170208135432"
			}
		},
		{
			"type" : "Feature",
			"geometry" : {
				"type" : "Point",
				"coordinates" : [ 103.82266899999648, 1.447650000000358 ]
			},
			"properties" : {
				"OBJECTID" : 112,
				"ID" : 112,
				"ROAD_NAME" : "Canberra Road",
				"DIRECTION" : "Sembawang Road",
				"LATITUDE" : 1.44765,
				"LONGITUDE" : 103.822669,
				"DESCP" : "Canberra Road by Sembawang Vista",
				"INC_CRC" : "0E8DB01890F024B4",
				"FMEL_UPD_D" : "20170208135432"
			}
		},
		{
			"type" : "Feature",
			"geometry" : {
				"type" : "Point",
				"coordinates" : [ 103.77211299999686, 1.3771380000013347 ]
			},
			"properties" : {
				"OBJECTID" : 113,
				"ID" : 113,
				"ROAD_NAME" : "Bukit Panjang Road",
				"DIRECTION" : "Choa Chu Kang Rd",
				"LATITUDE" : 1.377138,
				"LONGITUDE" : 103.772113,
				"DESCP" : "Bukit Panjang Rd by Pending Rd",
				"INC_CRC" : "324AC6E8DC2D3198",
				"FMEL_UPD_D" : "20170208135432"
			}
		},
		{
			"type" : "Feature",
			"geometry" : {
				"type" : "Point",
				"coordinates" : [ 103.69306200000052, 1.3422950000020493 ]
			},
			"properties" : {
				"OBJECTID" : 114,
				"ID" : 114,
				"ROAD_NAME" : "Pioneer Road North",
				"DIRECTION" : "AYE",
				"LATITUDE" : 1.342295,
				"LONGITUDE" : 103.693062,
				"DESCP" : "Pioneer Road North by Jurong West Avenue 5",
				"INC_CRC" : "104E59DEC23A64C2",
				"FMEL_UPD_D" : "20170208135432"
			}
		},
		{
			"type" : "Feature",
			"geometry" : {
				"type" : "Point",
				"coordinates" : [ 103.74626300000183, 1.3710829999995289 ]
			},
			"properties" : {
				"OBJECTID" : 115,
				"ID" : 115,
				"ROAD_NAME" : "Brickland Road",
				"DIRECTION" : "Bukit Batok Road",
				"LATITUDE" : 1.371083,
				"LONGITUDE" : 103.746263,
				"DESCP" : "Brickland Road x Choa Chu Kang Grove",
				"INC_CRC" : "8B10009F55F2D49B",
				"FMEL_UPD_D" : "20170208135432"
			}
		},
		{
			"type" : "Feature",
			"geometry" : {
				"type" : "Point",
				"coordinates" : [ 103.73537399999677, 1.3763060000022989 ]
			},
			"properties" : {
				"OBJECTID" : 116,
				"ID" : 116,
				"ROAD_NAME" : "Brickland Road",
				"DIRECTION" : "Bukit Batok Road",
				"LATITUDE" : 1.376306,
				"LONGITUDE" : 103.735374,
				"DESCP" : "Brickland Road by Choa Chu Kang Avenue 3",
				"INC_CRC" : "97DE645626926EFE",
				"FMEL_UPD_D" : "20170208135432"
			}
		},
		{
			"type" : "Feature",
			"geometry" : {
				"type" : "Point",
				"coordinates" : [ 103.85005200000408, 1.3478039999997908 ]
			},
			"properties" : {
				"OBJECTID" : 117,
				"ID" : 117,
				"ROAD_NAME" : "Bishan Street 11",
				"DIRECTION" : "Bishan Street 21",
				"LATITUDE" : 1.347804,
				"LONGITUDE" : 103.850052,
				"DESCP" : "Bishan Street 11 by Bishan St 12",
				"INC_CRC" : "383702F66E30B3D3",
				"FMEL_UPD_D" : "20170208135432"
			}
		},
		{
			"type" : "Feature",
			"geometry" : {
				"type" : "Point",
				"coordinates" : [ 103.6933690000019, 1.3417669999990078 ]
			},
			"properties" : {
				"OBJECTID" : 118,
				"ID" : 118,
				"ROAD_NAME" : "Pioneer Road North",
				"DIRECTION" : "PIE",
				"LATITUDE" : 1.341767,
				"LONGITUDE" : 103.693369,
				"DESCP" : "Pioneer Road North by Jurong West Avenue 5",
				"INC_CRC" : "7D462CF6ABA4728A",
				"FMEL_UPD_D" : "20170208135432"
			}
		},
		{
			"type" : "Feature",
			"geometry" : {
				"type" : "Point",
				"coordinates" : [ 103.7669829999956, 1.379793000000651 ]
			},
			"properties" : {
				"OBJECTID" : 119,
				"ID" : 119,
				"ROAD_NAME" : "Bukit Panjang Road",
				"DIRECTION" : "BKE",
				"LATITUDE" : 1.379793,
				"LONGITUDE" : 103.766983,
				"DESCP" : "Bukit Panjang Road by Gangsa Road",
				"INC_CRC" : "B7D4994B299DBBE3",
				"FMEL_UPD_D" : "20170208135432"
			}
		},
		{
			"type" : "Feature",
			"geometry" : {
				"type" : "Point",
				"coordinates" : [ 103.81946499999587, 1.4467359999996978 ]
			},
			"properties" : {
				"OBJECTID" : 120,
				"ID" : 120,
				"ROAD_NAME" : "Sembawang Drive",
				"DIRECTION" : "Admiralty Road West",
				"LATITUDE" : 1.446736,
				"LONGITUDE" : 103.819465,
				"DESCP" : "Sembawang Drive by Sembawang Vista",
				"INC_CRC" : "70B8D150EA29C994",
				"FMEL_UPD_D" : "20170208135432"
			}
		},
		{
			"type" : "Feature",
			"geometry" : {
				"type" : "Point",
				"coordinates" : [ 103.95480000000252, 1.3612199999989152 ]
			},
			"properties" : {
				"OBJECTID" : 121,
				"ID" : 121,
				"ROAD_NAME" : "Tampines Avenue 9",
				"DIRECTION" : "Tampines Street 43",
				"LATITUDE" : 1.36122,
				"LONGITUDE" : 103.9548,
				"DESCP" : "Tampines Avenue 9 by Tampines Street 44",
				"INC_CRC" : "A6ACC838F1B18F97",
				"FMEL_UPD_D" : "20170208135432"
			}
		},
		{
			"type" : "Feature",
			"geometry" : {
				"type" : "Point",
				"coordinates" : [ 103.95457000000259, 1.3616000000014201 ]
			},
			"properties" : {
				"OBJECTID" : 122,
				"ID" : 122,
				"ROAD_NAME" : "Tampines Avenue 9",
				"DIRECTION" : "Tampines Street 42",
				"LATITUDE" : 1.3616,
				"LONGITUDE" : 103.95457,
				"DESCP" : "Tampines Avenue 9 by Tampines Street 45",
				"INC_CRC" : "95EA6BB9E8197E83",
				"FMEL_UPD_D" : "20170208135432"
			}
		},
		{
			"type" : "Feature",
			"geometry" : {
				"type" : "Point",
				"coordinates" : [ 103.82352500000009, 1.2822090000024384 ]
			},
			"properties" : {
				"OBJECTID" : 123,
				"ID" : 123,
				"ROAD_NAME" : "Jalan Bukit Merah",
				"DIRECTION" : "Kampong Bahru Road",
				"LATITUDE" : 1.282209,
				"LONGITUDE" : 103.823525,
				"DESCP" : "Jalan Bukit Merah by Lower Delta Road",
				"INC_CRC" : "F6F1B2331738FB5E",
				"FMEL_UPD_D" : "20170208135432"
			}
		},
		{
			"type" : "Feature",
			"geometry" : {
				"type" : "Point",
				"coordinates" : [ 103.930249999996, 1.351899999999475 ]
			},
			"properties" : {
				"OBJECTID" : 124,
				"ID" : 124,
				"ROAD_NAME" : "Tampines Avenue 8",
				"DIRECTION" : "Tampines Avenue 1",
				"LATITUDE" : 1.3519,
				"LONGITUDE" : 103.93025,
				"DESCP" : "Tampines Avenue 8 by Tampines Avenue 3",
				"INC_CRC" : "42D16C64422BAC43",
				"FMEL_UPD_D" : "20170208135432"
			}
		},
		{
			"type" : "Feature",
			"geometry" : {
				"type" : "Point",
				"coordinates" : [ 103.81958200000417, 1.3229010000009243 ]
			},
			"properties" : {
				"OBJECTID" : 125,
				"ID" : 125,
				"ROAD_NAME" : "Dunearn Road",
				"DIRECTION" : "Bukit Timah Road",
				"LATITUDE" : 1.322901,
				"LONGITUDE" : 103.819582,
				"DESCP" : "Dunearn Road by Kheam Hock Road",
				"INC_CRC" : "D9670874E8D7D6DC",
				"FMEL_UPD_D" : "20170208135432"
			}
		},
		{
			"type" : "Feature",
			"geometry" : {
				"type" : "Point",
				"coordinates" : [ 103.87568599999683, 1.3910300000013016 ]
			},
			"properties" : {
				"OBJECTID" : 126,
				"ID" : 126,
				"ROAD_NAME" : "Fernvale Road",
				"DIRECTION" : "Fernvale Road (end)",
				"LATITUDE" : 1.39103,
				"LONGITUDE" : 103.875686,
				"DESCP" : "Fernvale Road by Sengkang West Avenue",
				"INC_CRC" : "DEDC3DE28C39F4B4",
				"FMEL_UPD_D" : "20170208135432"
			}
		},
		{
			"type" : "Feature",
			"geometry" : {
				"type" : "Point",
				"coordinates" : [ 103.82554299999794, 1.2864079999945177 ]
			},
			"properties" : {
				"OBJECTID" : 158,
				"ID" : 158,
				"ROAD_NAME" : "Lower Delta Road",
				"DIRECTION" : "Jalan Bukit Merah",
				"LATITUDE" : 1.286408,
				"LONGITUDE" : 103.825543,
				"DESCP" : "Lower Delta Road by Tiong Bahru Road",
				"INC_CRC" : "348891585FCAE0F2",
				"FMEL_UPD_D" : "20170208135432"
			}
		},
		{
			"type" : "Feature",
			"geometry" : {
				"type" : "Point",
				"coordinates" : [ 103.7915670000003, 1.4391289999993533 ]
			},
			"properties" : {
				"OBJECTID" : 159,
				"ID" : 159,
				"ROAD_NAME" : "Woodlands Avenue 7",
				"DIRECTION" : "Gambas Avenue",
				"LATITUDE" : 1.439129,
				"LONGITUDE" : 103.791567,
				"DESCP" : "Woodlands Avenue 7 by Woodlands Street 83",
				"INC_CRC" : "DF87FF5BC372F0E2",
				"FMEL_UPD_D" : "20170208135432"
			}
		},
		{
			"type" : "Feature",
			"geometry" : {
				"type" : "Point",
				"coordinates" : [ 103.74524999999564, 1.320970000002168 ]
			},
			"properties" : {
				"OBJECTID" : 160,
				"ID" : 160,
				"ROAD_NAME" : "Jurong Town Hall Road",
				"DIRECTION" : "AYE",
				"LATITUDE" : 1.32097,
				"LONGITUDE" : 103.74525,
				"DESCP" : "Jurong Town Hall Road by Pandan Gardens",
				"INC_CRC" : "1221F5F890796633",
				"FMEL_UPD_D" : "20170208135432"
			}
		},
		{
			"type" : "Feature",
			"geometry" : {
				"type" : "Point",
				"coordinates" : [ 103.86368500000316, 1.3703570000005492 ]
			},
			"properties" : {
				"OBJECTID" : 161,
				"ID" : 161,
				"ROAD_NAME" : "Ang Mo Kio Avenue 3",
				"DIRECTION" : "Ang Mo Kio Avenue 12",
				"LATITUDE" : 1.370357,
				"LONGITUDE" : 103.863685,
				"DESCP" : "Ang Mo Kio Avenue 3 by Ang Mo Kio Industrial Park 2",
				"INC_CRC" : "B20C3EA31CFC8AD5",
				"FMEL_UPD_D" : "20170208135432"
			}
		},
		{
			"type" : "Feature",
			"geometry" : {
				"type" : "Point",
				"coordinates" : [ 103.87149999999794, 1.3556600000015506 ]
			},
			"properties" : {
				"OBJECTID" : 162,
				"ID" : 162,
				"ROAD_NAME" : "Boundary Road",
				"DIRECTION" : "Serangoon Avenue 3",
				"LATITUDE" : 1.35566,
				"LONGITUDE" : 103.8715,
				"DESCP" : "Boundary Road by Serangoon Avenue 4",
				"INC_CRC" : "0604BEE745A49F82",
				"FMEL_UPD_D" : "20170208135432"
			}
		},
		{
			"type" : "Feature",
			"geometry" : {
				"type" : "Point",
				"coordinates" : [ 103.85616699999778, 1.3340699999964272 ]
			},
			"properties" : {
				"OBJECTID" : 163,
				"ID" : 163,
				"ROAD_NAME" : "Toa Payoh Lorong 6",
				"DIRECTION" : "Toa Payoh Lorong 7",
				"LATITUDE" : 1.33407,
				"LONGITUDE" : 103.856167,
				"DESCP" : "Toa Payoh Lorong 6 by Toa Payoh East",
				"INC_CRC" : "6F7DE8DA32A67F5C",
				"FMEL_UPD_D" : "20170208135432"
			}
		},
		{
			"type" : "Feature",
			"geometry" : {
				"type" : "Point",
				"coordinates" : [ 103.81874000000286, 1.3938599999976107 ]
			},
			"properties" : {
				"OBJECTID" : 164,
				"ID" : 164,
				"ROAD_NAME" : "Upper Thomson Road",
				"DIRECTION" : "Sembawang Road",
				"LATITUDE" : 1.39386,
				"LONGITUDE" : 103.81874,
				"DESCP" : "Upper Thomson Road by (Into) SLE",
				"INC_CRC" : "9D0BFCF1AFF3FCC7",
				"FMEL_UPD_D" : "20170208135432"
			}
		},
		{
			"type" : "Feature",
			"geometry" : {
				"type" : "Point",
				"coordinates" : [ 103.8512469999983, 1.3661779999997732 ]
			},
			"properties" : {
				"OBJECTID" : 165,
				"ID" : 165,
				"ROAD_NAME" : "Ang Mo Kio Avenue 8",
				"DIRECTION" : "Ang Mo Kio Avenue 3",
				"LATITUDE" : 1.366178,
				"LONGITUDE" : 103.851247,
				"DESCP" : "Ang Mo Kio Avenue 8 by Ang Mo Kio Street 31",
				"INC_CRC" : "26FEA14EA381AC80",
				"FMEL_UPD_D" : "20170208135432"
			}
		},
		{
			"type" : "Feature",
			"geometry" : {
				"type" : "Point",
				"coordinates" : [ 103.84304999999787, 1.3001499999999444 ]
			},
			"properties" : {
				"OBJECTID" : 166,
				"ID" : 166,
				"ROAD_NAME" : "Buyong Road",
				"DIRECTION" : "Handy Road",
				"LATITUDE" : 1.30015,
				"LONGITUDE" : 103.84305,
				"DESCP" : "Buyong Road by Orchard Road",
				"INC_CRC" : "8930ADA9F0DB2D0D",
				"FMEL_UPD_D" : "20170208135432"
			}
		},
		{
			"type" : "Feature",
			"geometry" : {
				"type" : "Point",
				"coordinates" : [ 103.80342200000321, 1.4362049999968807 ]
			},
			"properties" : {
				"OBJECTID" : 167,
				"ID" : 167,
				"ROAD_NAME" : "Woodlands Avenue 6",
				"DIRECTION" : "Woodlands Avenue 5",
				"LATITUDE" : 1.436205,
				"LONGITUDE" : 103.803422,
				"DESCP" : "Woodlands Avenue 6 by Woodlands Street 64",
				"INC_CRC" : "9068DB698EF835F8",
				"FMEL_UPD_D" : "20170208135432"
			}
		},
		{
			"type" : "Feature",
			"geometry" : {
				"type" : "Point",
				"coordinates" : [ 103.86403000000132, 1.3089099999958422 ]
			},
			"properties" : {
				"OBJECTID" : 168,
				"ID" : 168,
				"ROAD_NAME" : "Lavender Street",
				"DIRECTION" : "Beach Road",
				"LATITUDE" : 1.30891,
				"LONGITUDE" : 103.86403,
				"DESCP" : "Lavender Street by Kallang Road",
				"INC_CRC" : "9D742CF88E088DD2",
				"FMEL_UPD_D" : "20170208135432"
			}
		},
		{
			"type" : "Feature",
			"geometry" : {
				"type" : "Point",
				"coordinates" : [ 103.80374000000091, 1.3111100000006972 ]
			},
			"properties" : {
				"OBJECTID" : 169,
				"ID" : 169,
				"ROAD_NAME" : "Farrer Road",
				"DIRECTION" : "Queensway",
				"LATITUDE" : 1.31111,
				"LONGITUDE" : 103.80374,
				"DESCP" : "Farrer Road by Holland Road",
				"INC_CRC" : "BDFDBBCF05D2E88E",
				"FMEL_UPD_D" : "20170208135432"
			}
		},
		{
			"type" : "Feature",
			"geometry" : {
				"type" : "Point",
				"coordinates" : [ 103.81317999999732, 1.3239599999970038 ]
			},
			"properties" : {
				"OBJECTID" : 170,
				"ID" : 170,
				"ROAD_NAME" : "Dunearn Road",
				"DIRECTION" : "University Road",
				"LATITUDE" : 1.32396,
				"LONGITUDE" : 103.81318,
				"DESCP" : "Dunearn Road by Adam Road",
				"INC_CRC" : "F5B77F08E112E06B",
				"FMEL_UPD_D" : "20170208135432"
			}
		},
		{
			"type" : "Feature",
			"geometry" : {
				"type" : "Point",
				"coordinates" : [ 103.92682999999731, 1.3265420000006498 ]
			},
			"properties" : {
				"OBJECTID" : 171,
				"ID" : 171,
				"ROAD_NAME" : "Bedok North Avenue 1",
				"DIRECTION" : "Bedok North Road",
				"LATITUDE" : 1.326542,
				"LONGITUDE" : 103.92683,
				"DESCP" : "Bedok North Avenue 1 by Chai Chee Street",
				"INC_CRC" : "6E616FDB74EDED89",
				"FMEL_UPD_D" : "20170208135432"
			}
		},
		{
			"type" : "Feature",
			"geometry" : {
				"type" : "Point",
				"coordinates" : [ 103.72082200000273, 1.331708999996381 ]
			},
			"properties" : {
				"OBJECTID" : 172,
				"ID" : 172,
				"ROAD_NAME" : "International Road",
				"DIRECTION" : "Yung Kuang Road",
				"LATITUDE" : 1.331709,
				"LONGITUDE" : 103.720822,
				"DESCP" : "International Road by Corporation Road",
				"INC_CRC" : "92A2EA94E960C950",
				"FMEL_UPD_D" : "20170208135432"
			}
		},
		{
			"type" : "Feature",
			"geometry" : {
				"type" : "Point",
				"coordinates" : [ 103.77882399999623, 1.4107939999979302 ]
			},
			"properties" : {
				"OBJECTID" : 173,
				"ID" : 173,
				"ROAD_NAME" : "Mandai Road",
				"DIRECTION" : "BKE",
				"LATITUDE" : 1.410794,
				"LONGITUDE" : 103.778824,
				"DESCP" : "Mandai Road by Mandai Lake Road",
				"INC_CRC" : "3B5EC248431CC747",
				"FMEL_UPD_D" : "20170208135432"
			}
		},
		{
			"type" : "Feature",
			"geometry" : {
				"type" : "Point",
				"coordinates" : [ 103.87276999999798, 1.3290599999959112 ]
			},
			"properties" : {
				"OBJECTID" : 174,
				"ID" : 174,
				"ROAD_NAME" : "Macpherson Road",
				"DIRECTION" : "Bendemeer Road",
				"LATITUDE" : 1.32906,
				"LONGITUDE" : 103.87277,
				"DESCP" : "Macpherson Road  by Genting Lane",
				"INC_CRC" : "4B2101441B8DDC5D",
				"FMEL_UPD_D" : "20170208135432"
			}
		},
		{
			"type" : "Feature",
			"geometry" : {
				"type" : "Point",
				"coordinates" : [ 103.85447999999887, 1.331775999996429 ]
			},
			"properties" : {
				"OBJECTID" : 175,
				"ID" : 175,
				"ROAD_NAME" : "Toa Payoh Lorong 6",
				"DIRECTION" : "Toa Payoh East",
				"LATITUDE" : 1.331776,
				"LONGITUDE" : 103.85448,
				"DESCP" : "Toa Payoh Lorong 6 by Kim Keat Link",
				"INC_CRC" : "2670FCFA1B62417C",
				"FMEL_UPD_D" : "20170208135432"
			}
		},
		{
			"type" : "Feature",
			"geometry" : {
				"type" : "Point",
				"coordinates" : [ 103.79585400000359, 1.3104869999972686 ]
			},
			"properties" : {
				"OBJECTID" : 176,
				"ID" : 176,
				"ROAD_NAME" : "Holland Avenue",
				"DIRECTION" : "Commonwealth Avenue",
				"LATITUDE" : 1.310487,
				"LONGITUDE" : 103.795854,
				"DESCP" : "Holland Avenue by Taman Warna",
				"INC_CRC" : "D8835E01A254C0FD",
				"FMEL_UPD_D" : "20170208135432"
			}
		},
		{
			"type" : "Feature",
			"geometry" : {
				"type" : "Point",
				"coordinates" : [ 103.7456499999982, 1.3238059999974476 ]
			},
			"properties" : {
				"OBJECTID" : 177,
				"ID" : 177,
				"ROAD_NAME" : "AYE (exit)",
				"DIRECTION" : "Pandan Gardens",
				"LATITUDE" : 1.323806,
				"LONGITUDE" : 103.74565,
				"DESCP" : "AYE (exit) by Jurong Town Hall Road",
				"INC_CRC" : "18AB7BABC38B0104",
				"FMEL_UPD_D" : "20170208135432"
			}
		},
		{
			"type" : "Feature",
			"geometry" : {
				"type" : "Point",
				"coordinates" : [ 103.82634999999837, 1.3034299999978516 ]
			},
			"properties" : {
				"OBJECTID" : 178,
				"ID" : 178,
				"ROAD_NAME" : "Orchard Boulevard",
				"DIRECTION" : "Grange Road",
				"LATITUDE" : 1.30343,
				"LONGITUDE" : 103.82635,
				"DESCP" : "Orchard Boulevard by Tomlinson Road",
				"INC_CRC" : "788E2F885AEAAF9E",
				"FMEL_UPD_D" : "20170208135432"
			}
		},
		{
			"type" : "Feature",
			"geometry" : {
				"type" : "Point",
				"coordinates" : [ 103.84165600000357, 1.3609840000000013 ]
			},
			"properties" : {
				"OBJECTID" : 179,
				"ID" : 179,
				"ROAD_NAME" : "Sin Ming  Avenue",
				"DIRECTION" : "Bishan Street 22",
				"LATITUDE" : 1.360984,
				"LONGITUDE" : 103.841656,
				"DESCP" : "Sin Ming  Avenue  by Marymount Road",
				"INC_CRC" : "D1E84A20A19B82BE",
				"FMEL_UPD_D" : "20170208135432"
			}
		},
		{
			"type" : "Feature",
			"geometry" : {
				"type" : "Point",
				"coordinates" : [ 103.74113999999963, 1.3727190000006886 ]
			},
			"properties" : {
				"OBJECTID" : 180,
				"ID" : 180,
				"ROAD_NAME" : "Brickland Road",
				"DIRECTION" : "Bukit Batok West Avenue 5",
				"LATITUDE" : 1.372719,
				"LONGITUDE" : 103.74114,
				"DESCP" : "Brickland Road by Choa Chu Kang Avenue 6",
				"INC_CRC" : "0FADCFE022FD974B",
				"FMEL_UPD_D" : "20170208135432"
			}
		},
		{
			"type" : "Feature",
			"geometry" : {
				"type" : "Point",
				"coordinates" : [ 103.73813100000189, 1.380287999999788 ]
			},
			"properties" : {
				"OBJECTID" : 181,
				"ID" : 181,
				"ROAD_NAME" : "Chua Chu Kang Avenue 4",
				"DIRECTION" : "Chua Chu Kang Avenue 3",
				"LATITUDE" : 1.380288,
				"LONGITUDE" : 103.738131,
				"DESCP" : "Chua Chu Kang Avenue 4 by Chua Chu Kang Avenue 1",
				"INC_CRC" : "8DEA37434ADFE12A",
				"FMEL_UPD_D" : "20170208135432"
			}
		},
		{
			"type" : "Feature",
			"geometry" : {
				"type" : "Point",
				"coordinates" : [ 103.87217899999838, 1.3114519999970955 ]
			},
			"properties" : {
				"OBJECTID" : 182,
				"ID" : 182,
				"ROAD_NAME" : "Geylang Lorong 1",
				"DIRECTION" : "Upper Boon Keng Road",
				"LATITUDE" : 1.311452,
				"LONGITUDE" : 103.872179,
				"DESCP" : "Geylang Lorong 1 by Sims Avenue",
				"INC_CRC" : "9F779C30FCFFA961",
				"FMEL_UPD_D" : "20170208135432"
			}
		},
		{
			"type" : "Feature",
			"geometry" : {
				"type" : "Point",
				"coordinates" : [ 103.88684000000295, 1.3677199999976968 ]
			},
			"properties" : {
				"OBJECTID" : 183,
				"ID" : 183,
				"ROAD_NAME" : "Hougang Avenue 2",
				"DIRECTION" : "Ang Mo Kio Avenue 3",
				"LATITUDE" : 1.36772,
				"LONGITUDE" : 103.88684,
				"DESCP" : "Hougang Avenue 2 by Hougang Avenue 10",
				"INC_CRC" : "85EBB13BA4B3DEA8",
				"FMEL_UPD_D" : "20170208135432"
			}
		},
		{
			"type" : "Feature",
			"geometry" : {
				"type" : "Point",
				"coordinates" : [ 103.86809999999562, 1.3553400000035793 ]
			},
			"properties" : {
				"OBJECTID" : 184,
				"ID" : 184,
				"ROAD_NAME" : "Boundary Road",
				"DIRECTION" : "Ang Mo Kio Avenue 1",
				"LATITUDE" : 1.35534,
				"LONGITUDE" : 103.8681,
				"DESCP" : "Boundary Road by Serangoon Avenue 2",
				"INC_CRC" : "91ADBC9B8E12074F",
				"FMEL_UPD_D" : "20170208135432"
			}
		},
		{
			"type" : "Feature",
			"geometry" : {
				"type" : "Point",
				"coordinates" : [ 103.62715999999921, 1.309410000002488 ]
			},
			"properties" : {
				"OBJECTID" : 185,
				"ID" : 185,
				"ROAD_NAME" : "Tuas South Avenue 3",
				"DIRECTION" : "Tuas South Avenue 1",
				"LATITUDE" : 1.30941,
				"LONGITUDE" : 103.62716,
				"DESCP" : "Tuas South Avenue 3 by Tuas South Street 2",
				"INC_CRC" : "27718C5525658834",
				"FMEL_UPD_D" : "20170208135432"
			}
		},
		{
			"type" : "Feature",
			"geometry" : {
				"type" : "Point",
				"coordinates" : [ 103.89269100000004, 1.3766079999990664 ]
			},
			"properties" : {
				"OBJECTID" : 186,
				"ID" : 186,
				"ROAD_NAME" : "Hougang Avenue 6",
				"DIRECTION" : "Buangkok Drive",
				"LATITUDE" : 1.376608,
				"LONGITUDE" : 103.892691,
				"DESCP" : "Hougang Avenue 6 by Hougang Avenue 8",
				"INC_CRC" : "519C11DE4DE60C3A",
				"FMEL_UPD_D" : "20170208135432"
			}
		},
		{
			"type" : "Feature",
			"geometry" : {
				"type" : "Point",
				"coordinates" : [ 103.89962000000195, 1.4024599999968907 ]
			},
			"properties" : {
				"OBJECTID" : 187,
				"ID" : 187,
				"ROAD_NAME" : "Punggol Field",
				"DIRECTION" : "Punggol Way",
				"LATITUDE" : 1.40246,
				"LONGITUDE" : 103.89962,
				"DESCP" : "Punggol Field by Punggol Walk",
				"INC_CRC" : "54A7AF0A180C1D76",
				"FMEL_UPD_D" : "20170208135432"
			}
		},
		{
			"type" : "Feature",
			"geometry" : {
				"type" : "Point",
				"coordinates" : [ 103.86929000000087, 1.3916100000002365 ]
			},
			"properties" : {
				"OBJECTID" : 188,
				"ID" : 188,
				"ROAD_NAME" : "Sengkang West Road",
				"DIRECTION" : "Yio Chu Kang Road",
				"LATITUDE" : 1.39161,
				"LONGITUDE" : 103.86929,
				"DESCP" : "Sengkang West Road  by Sengkang West Avenue",
				"INC_CRC" : "6470D56CAE306A2B",
				"FMEL_UPD_D" : "20170208135432"
			}
		},
		{
			"type" : "Feature",
			"geometry" : {
				"type" : "Point",
				"coordinates" : [ 103.89399800000085, 1.386838000000661 ]
			},
			"properties" : {
				"OBJECTID" : 189,
				"ID" : 189,
				"ROAD_NAME" : "Sengkang Central",
				"DIRECTION" : "Compassvale Bow",
				"LATITUDE" : 1.386838,
				"LONGITUDE" : 103.893998,
				"DESCP" : "Sengkang Central by Sengkang East Avenue",
				"INC_CRC" : "B683CB02150509D7",
				"FMEL_UPD_D" : "20170208135432"
			}
		},
		{
			"type" : "Feature",
			"geometry" : {
				"type" : "Point",
				"coordinates" : [ 103.90748999999568, 1.4060600000000083 ]
			},
			"properties" : {
				"OBJECTID" : 190,
				"ID" : 190,
				"ROAD_NAME" : "Punggol Drive",
				"DIRECTION" : "Punggol East",
				"LATITUDE" : 1.40606,
				"LONGITUDE" : 103.90749,
				"DESCP" : "Punggol Drive by Punggol Road",
				"INC_CRC" : "04BBE892DDBD7EE8",
				"FMEL_UPD_D" : "20170208135432"
			}
		},
		{
			"type" : "Feature",
			"geometry" : {
				"type" : "Point",
				"coordinates" : [ 103.89000999999699, 1.3839199999971545 ]
			},
			"properties" : {
				"OBJECTID" : 191,
				"ID" : 191,
				"ROAD_NAME" : "Sengkang East Road",
				"DIRECTION" : "Sengkang East Avenue",
				"LATITUDE" : 1.38392,
				"LONGITUDE" : 103.89001,
				"DESCP" : "Sengkang East Road by Compassvale Bow",
				"INC_CRC" : "D1CB93395DC2D14F",
				"FMEL_UPD_D" : "20170208135432"
			}
		},
		{
			"type" : "Feature",
			"geometry" : {
				"type" : "Point",
				"coordinates" : [ 103.89568300000053, 1.3992840000010733 ]
			},
			"properties" : {
				"OBJECTID" : 192,
				"ID" : 192,
				"ROAD_NAME" : "Sengkang East Road",
				"DIRECTION" : "Punggol Way",
				"LATITUDE" : 1.399284,
				"LONGITUDE" : 103.895683,
				"DESCP" : "Sengkang East Road by TPE",
				"INC_CRC" : "E1435E0212233A92",
				"FMEL_UPD_D" : "20170208135432"
			}
		},
		{
			"type" : "Feature",
			"geometry" : {
				"type" : "Point",
				"coordinates" : [ 103.90734499999813, 1.3866309999984063 ]
			},
			"properties" : {
				"OBJECTID" : 193,
				"ID" : 193,
				"ROAD_NAME" : "Sengkang East Way",
				"DIRECTION" : "Sengkang East Avenue",
				"LATITUDE" : 1.386631,
				"LONGITUDE" : 103.907345,
				"DESCP" : "Sengkang East Way by Sengkang East Drive",
				"INC_CRC" : "77D32DAAAFDC508C",
				"FMEL_UPD_D" : "20170208135432"
			}
		},
		{
			"type" : "Feature",
			"geometry" : {
				"type" : "Point",
				"coordinates" : [ 103.90202099999736, 1.3815830000030624 ]
			},
			"properties" : {
				"OBJECTID" : 194,
				"ID" : 194,
				"ROAD_NAME" : "Sengkang East Avenue",
				"DIRECTION" : "Rivervale Link",
				"LATITUDE" : 1.381583,
				"LONGITUDE" : 103.902021,
				"DESCP" : "Sengkang East Avenue by Rivervale Drive",
				"INC_CRC" : "8689B87C9FAF66B9",
				"FMEL_UPD_D" : "20170208135432"
			}
		},
		{
			"type" : "Feature",
			"geometry" : {
				"type" : "Point",
				"coordinates" : [ 103.89407600000379, 1.386635000001602 ]
			},
			"properties" : {
				"OBJECTID" : 195,
				"ID" : 195,
				"ROAD_NAME" : "Sengkang East Avenue",
				"DIRECTION" : "Sengkang East Road",
				"LATITUDE" : 1.386635,
				"LONGITUDE" : 103.894076,
				"DESCP" : "Sengkang East Avenue by Sengkang Central",
				"INC_CRC" : "2EB43A7EAA3E1DA8",
				"FMEL_UPD_D" : "20170208135432"
			}
		},
		{
			"type" : "Feature",
			"geometry" : {
				"type" : "Point",
				"coordinates" : [ 103.93025000000213, 1.3306499999978405 ]
			},
			"properties" : {
				"OBJECTID" : 196,
				"ID" : 196,
				"ROAD_NAME" : "Bedok North Road",
				"DIRECTION" : "Bedok North Avenue 3",
				"LATITUDE" : 1.33065,
				"LONGITUDE" : 103.93025,
				"DESCP" : "Bedok North Road by Bedok North Avenue 2",
				"INC_CRC" : "BC1449A06CD6BFAB",
				"FMEL_UPD_D" : "20170208135432"
			}
		},
		{
			"type" : "Feature",
			"geometry" : {
				"type" : "Point",
				"coordinates" : [ 103.93084100000159, 1.3305779999988192 ]
			},
			"properties" : {
				"OBJECTID" : 197,
				"ID" : 197,
				"ROAD_NAME" : "Bedok North Road",
				"DIRECTION" : "Bedok North Avenue 1",
				"LATITUDE" : 1.330578,
				"LONGITUDE" : 103.930841,
				"DESCP" : "Bedok North Road by Bedok North Avenue 2",
				"INC_CRC" : "FB16ED020ECF77CA",
				"FMEL_UPD_D" : "20170208135432"
			}
		},
		{
			"type" : "Feature",
			"geometry" : {
				"type" : "Point",
				"coordinates" : [ 103.87205500000074, 1.3114250000028072 ]
			},
			"properties" : {
				"OBJECTID" : 198,
				"ID" : 198,
				"ROAD_NAME" : "Sims Avenue",
				"DIRECTION" : "Sims Way",
				"LATITUDE" : 1.311425,
				"LONGITUDE" : 103.872055,
				"DESCP" : "Sims Avenue by Geylang Lorong 1",
				"INC_CRC" : "ABBC8E85F04FFB29",
				"FMEL_UPD_D" : "20170208135432"
			}
		},
		{
			"type" : "Feature",
			"geometry" : {
				"type" : "Point",
				"coordinates" : [ 103.92755999999561, 1.323549999996701 ]
			},
			"properties" : {
				"OBJECTID" : 199,
				"ID" : 199,
				"ROAD_NAME" : "New Upper Changi Road",
				"DIRECTION" : "Changi Road",
				"LATITUDE" : 1.32355,
				"LONGITUDE" : 103.92756,
				"DESCP" : "New Upper Changi Road by Bedok South Road",
				"INC_CRC" : "C06CCA1BD44AC0F7",
				"FMEL_UPD_D" : "20170208135432"
			}
		},
		{
			"type" : "Feature",
			"geometry" : {
				"type" : "Point",
				"coordinates" : [ 103.92309999999858, 1.3227899999958035 ]
			},
			"properties" : {
				"OBJECTID" : 200,
				"ID" : 200,
				"ROAD_NAME" : "New Upper Changi Road",
				"DIRECTION" : "Bedok Road",
				"LATITUDE" : 1.32279,
				"LONGITUDE" : 103.9231,
				"DESCP" : "New Upper Changi Road by Chai Chee Road",
				"INC_CRC" : "1660B7776903C737",
				"FMEL_UPD_D" : "20170208135432"
			}
		},
		{
			"type" : "Feature",
			"geometry" : {
				"type" : "Point",
				"coordinates" : [ 103.83516300000291, 1.289334999994659 ]
			},
			"properties" : {
				"OBJECTID" : 201,
				"ID" : 201,
				"ROAD_NAME" : "Havelock Road",
				"DIRECTION" : "Ganges Avenue",
				"LATITUDE" : 1.289335,
				"LONGITUDE" : 103.835163,
				"DESCP" : "Havelock Road by Outram Road",
				"INC_CRC" : "38D434FC21894500",
				"FMEL_UPD_D" : "20170208135432"
			}
		},
		{
			"type" : "Feature",
			"geometry" : {
				"type" : "Point",
				"coordinates" : [ 103.93152999999862, 1.3755199999968817 ]
			},
			"properties" : {
				"OBJECTID" : 202,
				"ID" : 202,
				"ROAD_NAME" : "Tampines Avenue 10",
				"DIRECTION" : "Pasir Ris Drive 12",
				"LATITUDE" : 1.37552,
				"LONGITUDE" : 103.93153,
				"DESCP" : "Tampines Avenue 10 by (Into) TPE",
				"INC_CRC" : "5F7FC14ACA86EE55",
				"FMEL_UPD_D" : "20170208135432"
			}
		},
		{
			"type" : "Feature",
			"geometry" : {
				"type" : "Point",
				"coordinates" : [ 103.71001500000271, 1.3221250000029772 ]
			},
			"properties" : {
				"OBJECTID" : 203,
				"ID" : 203,
				"ROAD_NAME" : "Jalan Boon Lay",
				"DIRECTION" : "Jurong Pier Road",
				"LATITUDE" : 1.322125,
				"LONGITUDE" : 103.710015,
				"DESCP" : "Jalan Boon Lay by Jalan Ahmad Ibrahim",
				"INC_CRC" : "77AD98779608DF8E",
				"FMEL_UPD_D" : "20170208135432"
			}
		},
		{
			"type" : "Feature",
			"geometry" : {
				"type" : "Point",
				"coordinates" : [ 103.95111000000124, 1.349829999997978 ]
			},
			"properties" : {
				"OBJECTID" : 204,
				"ID" : 204,
				"ROAD_NAME" : "Tampines Avenue 2",
				"DIRECTION" : "Tampines Avenue 5",
				"LATITUDE" : 1.34983,
				"LONGITUDE" : 103.95111,
				"DESCP" : "Tampines Avenue 2 by Tampines Street 22",
				"INC_CRC" : "FC02FA71E5DC92A8",
				"FMEL_UPD_D" : "20170208135432"
			}
		},
		{
			"type" : "Feature",
			"geometry" : {
				"type" : "Point",
				"coordinates" : [ 103.94634699999713, 1.3569230000033026 ]
			},
			"properties" : {
				"OBJECTID" : 205,
				"ID" : 205,
				"ROAD_NAME" : "Tampines Street 41",
				"DIRECTION" : "Tampines Avenue 4",
				"LATITUDE" : 1.356923,
				"LONGITUDE" : 103.946347,
				"DESCP" : "Tampines Street 41 by Tampines Avenue 7",
				"INC_CRC" : "C0C698C5EC13D613",
				"FMEL_UPD_D" : "20170208135432"
			}
		},
		{
			"type" : "Feature",
			"geometry" : {
				"type" : "Point",
				"coordinates" : [ 103.82326200000321, 1.4131409999975735 ]
			},
			"properties" : {
				"OBJECTID" : 206,
				"ID" : 206,
				"ROAD_NAME" : "Yishun Avenue 1",
				"DIRECTION" : "Mandai Avenue",
				"LATITUDE" : 1.413141,
				"LONGITUDE" : 103.823262,
				"DESCP" : "Yishun Avenue 1 by Sembawang Road",
				"INC_CRC" : "DF35C1DFDA59AC6E",
				"FMEL_UPD_D" : "20170208135432"
			}
		},
		{
			"type" : "Feature",
			"geometry" : {
				"type" : "Point",
				"coordinates" : [ 103.77936000000379, 1.4322200000034295 ]
			},
			"properties" : {
				"OBJECTID" : 207,
				"ID" : 207,
				"ROAD_NAME" : "Woodlands Street 32",
				"DIRECTION" : "Woodlands Street 12",
				"LATITUDE" : 1.43222,
				"LONGITUDE" : 103.77936,
				"DESCP" : "Woodlands Street 32 by Woodlands Avenue 3",
				"INC_CRC" : "7A579F93D00EECEF",
				"FMEL_UPD_D" : "20170208135432"
			}
		},
		{
			"type" : "Feature",
			"geometry" : {
				"type" : "Point",
				"coordinates" : [ 103.79079200000241, 1.435467999998075 ]
			},
			"properties" : {
				"OBJECTID" : 208,
				"ID" : 208,
				"ROAD_NAME" : "Woodlands Avenue 5",
				"DIRECTION" : "Woodlands Avenue 4",
				"LATITUDE" : 1.435468,
				"LONGITUDE" : 103.790792,
				"DESCP" : "Woodlands Avenue 5 by Woodlands Drive 50",
				"INC_CRC" : "A889708714FB60A2",
				"FMEL_UPD_D" : "20170208135432"
			}
		},
		{
			"type" : "Feature",
			"geometry" : {
				"type" : "Point",
				"coordinates" : [ 103.87703200000337, 1.3746820000013988 ]
			},
			"properties" : {
				"OBJECTID" : 209,
				"ID" : 209,
				"ROAD_NAME" : "Yio Chu Kang Road",
				"DIRECTION" : "Buangkok Green",
				"LATITUDE" : 1.374682,
				"LONGITUDE" : 103.877032,
				"DESCP" : "Yio Chu Kang Road by Hougang Avenue 9",
				"INC_CRC" : "00D2C4296F83F87E",
				"FMEL_UPD_D" : "20170208135432"
			}
		},
		{
			"type" : "Feature",
			"geometry" : {
				"type" : "Point",
				"coordinates" : [ 103.8316800000008, 1.380039999996856 ]
			},
			"properties" : {
				"OBJECTID" : 210,
				"ID" : 210,
				"ROAD_NAME" : "Yio Chu Kang Road",
				"DIRECTION" : "Upper Thomson Road",
				"LATITUDE" : 1.38004,
				"LONGITUDE" : 103.83168,
				"DESCP" : "Yio Chu Kang Road by Thomson Hills Drive",
				"INC_CRC" : "9AAD93CF2080A674",
				"FMEL_UPD_D" : "20170208135432"
			}
		},
		{
			"type" : "Feature",
			"geometry" : {
				"type" : "Point",
				"coordinates" : [ 103.70517000000011, 1.3467900000023718 ]
			},
			"properties" : {
				"OBJECTID" : 211,
				"ID" : 211,
				"ROAD_NAME" : "Jalan Boon Lay",
				"DIRECTION" : "Jalan Bahar",
				"LATITUDE" : 1.34679,
				"LONGITUDE" : 103.70517,
				"DESCP" : "Jalan Boon Lay by Jurong West Avenue 4",
				"INC_CRC" : "88601F9C1DD7B097",
				"FMEL_UPD_D" : "20170208135432"
			}
		},
		{
			"type" : "Feature",
			"geometry" : {
				"type" : "Point",
				"coordinates" : [ 103.8176930000031, 1.4510020000023807 ]
			},
			"properties" : {
				"OBJECTID" : 212,
				"ID" : 212,
				"ROAD_NAME" : "Sembawang Drive",
				"DIRECTION" : "Sembawang Way",
				"LATITUDE" : 1.451002,
				"LONGITUDE" : 103.817693,
				"DESCP" : "Sembawang Drive by Admiralty Drive",
				"INC_CRC" : "FFA114F67D0043AF",
				"FMEL_UPD_D" : "20170208135432"
			}
		},
		{
			"type" : "Feature",
			"geometry" : {
				"type" : "Point",
				"coordinates" : [ 103.70436000000362, 1.3382799999966495 ]
			},
			"properties" : {
				"OBJECTID" : 213,
				"ID" : 213,
				"ROAD_NAME" : "Jurong West Street 63",
				"DIRECTION" : "Boon Lay Way",
				"LATITUDE" : 1.33828,
				"LONGITUDE" : 103.70436,
				"DESCP" : "Jurong West Street 63 by Jurong West Street 64",
				"INC_CRC" : "903CD574F7A13A51",
				"FMEL_UPD_D" : "20170208135432"
			}
		},
		{
			"type" : "Feature",
			"geometry" : {
				"type" : "Point",
				"coordinates" : [ 103.71461700000233, 1.3489529999998457 ]
			},
			"properties" : {
				"OBJECTID" : 214,
				"ID" : 214,
				"ROAD_NAME" : "Jurong West Avenue 1",
				"DIRECTION" : "Jurong West Avenue 2",
				"LATITUDE" : 1.348953,
				"LONGITUDE" : 103.714617,
				"DESCP" : "Jurong West Avenue 1 by Corporation Road",
				"INC_CRC" : "7EDB215F222E2BA1",
				"FMEL_UPD_D" : "20170208135432"
			}
		},
		{
			"type" : "Feature",
			"geometry" : {
				"type" : "Point",
				"coordinates" : [ 103.64298000000238, 1.3348099999958065 ]
			},
			"properties" : {
				"OBJECTID" : 215,
				"ID" : 215,
				"ROAD_NAME" : "Tuas West Road",
				"DIRECTION" : "Tuas South Avenue 3",
				"LATITUDE" : 1.33481,
				"LONGITUDE" : 103.64298,
				"DESCP" : "Tuas West Road by Tuas Avenue 7",
				"INC_CRC" : "9A3708AD1AFAB6E1",
				"FMEL_UPD_D" : "20170208135432"
			}
		},
		{
			"type" : "Feature",
			"geometry" : {
				"type" : "Point",
				"coordinates" : [ 103.96244999999628, 1.365079999999313 ]
			},
			"properties" : {
				"OBJECTID" : 216,
				"ID" : 216,
				"ROAD_NAME" : "Pasir Ris Drive 1",
				"DIRECTION" : "Pasir Ris Street 12",
				"LATITUDE" : 1.36508,
				"LONGITUDE" : 103.96245,
				"DESCP" : "Pasir Ris Drive 1 by Pasir Ris Street 11",
				"INC_CRC" : "45BF156B388D2B99",
				"FMEL_UPD_D" : "20170208135432"
			}
		},
		{
			"type" : "Feature",
			"geometry" : {
				"type" : "Point",
				"coordinates" : [ 103.8978679999974, 1.4066390000024453 ]
			},
			"properties" : {
				"OBJECTID" : 217,
				"ID" : 217,
				"ROAD_NAME" : "Punggol Way",
				"DIRECTION" : "Punggol Field",
				"LATITUDE" : 1.406639,
				"LONGITUDE" : 103.897868,
				"DESCP" : "Punggol Way by Punggol Central",
				"INC_CRC" : "73785BFAB974601E",
				"FMEL_UPD_D" : "20170208135432"
			}
		},
		{
			"type" : "Feature",
			"geometry" : {
				"type" : "Point",
				"coordinates" : [ 103.70930999999668, 1.3498299999994752 ]
			},
			"properties" : {
				"OBJECTID" : 218,
				"ID" : 218,
				"ROAD_NAME" : "Jurong West Avenue 2",
				"DIRECTION" : "PIE",
				"LATITUDE" : 1.34983,
				"LONGITUDE" : 103.70931,
				"DESCP" : "Jurong West Avenue 2 by Jurong West Street 23",
				"INC_CRC" : "4BA52ECD09871F1B",
				"FMEL_UPD_D" : "20170208135432"
			}
		},
		{
			"type" : "Feature",
			"geometry" : {
				"type" : "Point",
				"coordinates" : [ 103.74703799999638, 1.3312279999949157 ]
			},
			"properties" : {
				"OBJECTID" : 219,
				"ID" : 219,
				"ROAD_NAME" : "Boon Lay Way",
				"DIRECTION" : "Jurong East Central",
				"LATITUDE" : 1.331228,
				"LONGITUDE" : 103.747038,
				"DESCP" : "Boon Lay Way by Jurong East Street 11",
				"INC_CRC" : "FEED97F1E403A1D3",
				"FMEL_UPD_D" : "20170208135432"
			}
		},
		{
			"type" : "Feature",
			"geometry" : {
				"type" : "Point",
				"coordinates" : [ 103.6952679999983, 1.3740569999978391 ]
			},
			"properties" : {
				"OBJECTID" : 220,
				"ID" : 220,
				"ROAD_NAME" : "Lim Chu Kang Road",
				"DIRECTION" : "Jalan Bahar",
				"LATITUDE" : 1.374057,
				"LONGITUDE" : 103.695268,
				"DESCP" : "Lim Chu Kang Road by Old Choa Chu Kang Road",
				"INC_CRC" : "8A5BCAC9518CAE2A",
				"FMEL_UPD_D" : "20170208135432"
			}
		},
		{
			"type" : "Feature",
			"geometry" : {
				"type" : "Point",
				"coordinates" : [ 103.87331799999684, 1.3557330000017613 ]
			},
			"properties" : {
				"OBJECTID" : 221,
				"ID" : 221,
				"ROAD_NAME" : "Boundary Road",
				"DIRECTION" : "Paya Lebar Road",
				"LATITUDE" : 1.355733,
				"LONGITUDE" : 103.873318,
				"DESCP" : "Boundary Road by Yio Chu Kang Link",
				"INC_CRC" : "54CE1ACE5F1CD3DC",
				"FMEL_UPD_D" : "20170208135432"
			}
		},
		{
			"type" : "Feature",
			"geometry" : {
				"type" : "Point",
				"coordinates" : [ 103.83782999999694, 1.347989999995663 ]
			},
			"properties" : {
				"OBJECTID" : 222,
				"ID" : 222,
				"ROAD_NAME" : "Upper Thomson Road",
				"DIRECTION" : "Jalan Pelatina",
				"LATITUDE" : 1.34799,
				"LONGITUDE" : 103.83783,
				"DESCP" : "Upper Thomson Road by Marymount Lane",
				"INC_CRC" : "E23AE2AA4209542D",
				"FMEL_UPD_D" : "20170208135432"
			}
		},
		{
			"type" : "Feature",
			"geometry" : {
				"type" : "Point",
				"coordinates" : [ 103.87076500000114, 1.3397730000014505 ]
			},
			"properties" : {
				"OBJECTID" : 223,
				"ID" : 223,
				"ROAD_NAME" : "Upper Serangoon Road",
				"DIRECTION" : "Bendemeer Road",
				"LATITUDE" : 1.339773,
				"LONGITUDE" : 103.870765,
				"DESCP" : "Upper Serangoon Road by Upper Aljunied Road",
				"INC_CRC" : "33E8D03DF413EA03",
				"FMEL_UPD_D" : "20170208135432"
			}
		},
		{
			"type" : "Feature",
			"geometry" : {
				"type" : "Point",
				"coordinates" : [ 103.83550999999663, 1.3417300000014953 ]
			},
			"properties" : {
				"OBJECTID" : 224,
				"ID" : 224,
				"ROAD_NAME" : "Lornie Road",
				"DIRECTION" : "Braddell Road",
				"LATITUDE" : 1.34173,
				"LONGITUDE" : 103.83551,
				"DESCP" : "Lornie Road by Thomson Road",
				"INC_CRC" : "5304A6C12E1524A4",
				"FMEL_UPD_D" : "20170208135432"
			}
		},
		{
			"type" : "Feature",
			"geometry" : {
				"type" : "Point",
				"coordinates" : [ 103.82118299999777, 1.4431640000007446 ]
			},
			"properties" : {
				"OBJECTID" : 225,
				"ID" : 225,
				"ROAD_NAME" : "Sembawang Avenue",
				"DIRECTION" : "Gambas Avenue",
				"LATITUDE" : 1.443164,
				"LONGITUDE" : 103.821183,
				"DESCP" : "Sembawang Avenue by Sembawang Drive",
				"INC_CRC" : "6B1440E5677DB078",
				"FMEL_UPD_D" : "20170208135432"
			}
		},
		{
			"type" : "Feature",
			"geometry" : {
				"type" : "Point",
				"coordinates" : [ 103.88881000000075, 1.3332700000015538 ]
			},
			"properties" : {
				"OBJECTID" : 226,
				"ID" : 226,
				"ROAD_NAME" : "Paya Lebar Road",
				"DIRECTION" : "Upp Serangoon Road",
				"LATITUDE" : 1.33327,
				"LONGITUDE" : 103.88881,
				"DESCP" : "Paya Lebar Road by Macpherson Road",
				"INC_CRC" : "7C6D9EC1542A30D2",
				"FMEL_UPD_D" : "20170208135432"
			}
		},
		{
			"type" : "Feature",
			"geometry" : {
				"type" : "Point",
				"coordinates" : [ 103.76190000000321, 1.3026299999999411 ]
			},
			"properties" : {
				"OBJECTID" : 227,
				"ID" : 227,
				"ROAD_NAME" : "West Coast Highway",
				"DIRECTION" : "West Coast Link",
				"LATITUDE" : 1.30263,
				"LONGITUDE" : 103.7619,
				"DESCP" : "West Coast Highway by Pandan Crescent",
				"INC_CRC" : "23A6CC59513ED0F4",
				"FMEL_UPD_D" : "20170208135432"
			}
		},
		{
			"type" : "Feature",
			"geometry" : {
				"type" : "Point",
				"coordinates" : [ 103.74712000000339, 1.3317599999995131 ]
			},
			"properties" : {
				"OBJECTID" : 228,
				"ID" : 228,
				"ROAD_NAME" : "Toh Guan Road",
				"DIRECTION" : "Jurong East Street 11",
				"LATITUDE" : 1.33176,
				"LONGITUDE" : 103.74712,
				"DESCP" : "Toh Guan Road by Boon Lay Way",
				"INC_CRC" : "831D4589124D64B1",
				"FMEL_UPD_D" : "20170208135432"
			}
		},
		{
			"type" : "Feature",
			"geometry" : {
				"type" : "Point",
				"coordinates" : [ 103.74507999999794, 1.3202200000017945 ]
			},
			"properties" : {
				"OBJECTID" : 229,
				"ID" : 229,
				"ROAD_NAME" : "Jurong Town Hall Road",
				"DIRECTION" : "AYE",
				"LATITUDE" : 1.32022,
				"LONGITUDE" : 103.74508,
				"DESCP" : "Jurong Town Hall Road by Teban Gardens Road",
				"INC_CRC" : "E370307ED8A403AD",
				"FMEL_UPD_D" : "20170208135432"
			}
		},
		{
			"type" : "Feature",
			"geometry" : {
				"type" : "Point",
				"coordinates" : [ 103.95266899999709, 1.3351069999983436 ]
			},
			"properties" : {
				"OBJECTID" : 230,
				"ID" : 230,
				"ROAD_NAME" : "Upp Changi Road",
				"DIRECTION" : "Jalan Tanjong",
				"LATITUDE" : 1.335107,
				"LONGITUDE" : 103.952669,
				"DESCP" : "Upper Changi Road by Simei Avenue",
				"INC_CRC" : "70EEC6703CE490E6",
				"FMEL_UPD_D" : "20170208135432"
			}
		},
		{
			"type" : "Feature",
			"geometry" : {
				"type" : "Point",
				"coordinates" : [ 103.83306799999613, 1.4380069999968803 ]
			},
			"properties" : {
				"OBJECTID" : 231,
				"ID" : 231,
				"ROAD_NAME" : "Yishun Avenue 2",
				"DIRECTION" : "Sembawang Road",
				"LATITUDE" : 1.438007,
				"LONGITUDE" : 103.833068,
				"DESCP" : "Yishun Avenue 2 by Yishun Avenue 7",
				"INC_CRC" : "427CB1C011E31DFB",
				"FMEL_UPD_D" : "20170208135432"
			}
		},
		{
			"type" : "Feature",
			"geometry" : {
				"type" : "Point",
				"coordinates" : [ 103.90587200000198, 1.388546000002514 ]
			},
			"properties" : {
				"OBJECTID" : 232,
				"ID" : 232,
				"ROAD_NAME" : "Rivervale Drive",
				"DIRECTION" : "Punggol Road",
				"LATITUDE" : 1.388546,
				"LONGITUDE" : 103.905872,
				"DESCP" : "Rivervale Drive by Sengkang East Way",
				"INC_CRC" : "8850A732C3C24AFE",
				"FMEL_UPD_D" : "20170208135432"
			}
		},
		{
			"type" : "Feature",
			"geometry" : {
				"type" : "Point",
				"coordinates" : [ 103.8261499999957, 1.3823199999998843 ]
			},
			"properties" : {
				"OBJECTID" : 233,
				"ID" : 233,
				"ROAD_NAME" : "Upper Thomson Road",
				"DIRECTION" : "Thomson Road",
				"LATITUDE" : 1.38232,
				"LONGITUDE" : 103.82615,
				"DESCP" : "Upper Thomson Road by Tagore Road",
				"INC_CRC" : "AF2EECB7C351EFB1",
				"FMEL_UPD_D" : "20170208135432"
			}
		},
		{
			"type" : "Feature",
			"geometry" : {
				"type" : "Point",
				"coordinates" : [ 103.84313799999984, 1.3843099999987185 ]
			},
			"properties" : {
				"OBJECTID" : 234,
				"ID" : 234,
				"ROAD_NAME" : "Ang Mo Kio Avenue 6",
				"DIRECTION" : "Marymount Road",
				"LATITUDE" : 1.38431,
				"LONGITUDE" : 103.843138,
				"DESCP" : "Ang Mo Kio Avenue 6 by Ang Mo Kio Avenue 9",
				"INC_CRC" : "F9AB7142CDCA86FA",
				"FMEL_UPD_D" : "20170208135432"
			}
		},
		{
			"type" : "Feature",
			"geometry" : {
				"type" : "Point",
				"coordinates" : [ 103.89300600000138, 1.3915049999964797 ]
			},
			"properties" : {
				"OBJECTID" : 235,
				"ID" : 235,
				"ROAD_NAME" : "Sengkang East Road",
				"DIRECTION" : "Compassvale Drive",
				"LATITUDE" : 1.391505,
				"LONGITUDE" : 103.893006,
				"DESCP" : "Sengkang East Road by Sengkang Square",
				"INC_CRC" : "9A305883288B99E4",
				"FMEL_UPD_D" : "20170208135432"
			}
		},
		{
			"type" : "Feature",
			"geometry" : {
				"type" : "Point",
				"coordinates" : [ 103.78923999999895, 1.3083000000032778 ]
			},
			"properties" : {
				"OBJECTID" : 236,
				"ID" : 236,
				"ROAD_NAME" : "Commonwealth Avenue West",
				"DIRECTION" : "Holland Avenue",
				"LATITUDE" : 1.3083,
				"LONGITUDE" : 103.78924,
				"DESCP" : "Commonwealth Avenue West by Ghim Moh Road",
				"INC_CRC" : "4CA450BB76071FBC",
				"FMEL_UPD_D" : "20170208135432"
			}
		},
		{
			"type" : "Feature",
			"geometry" : {
				"type" : "Point",
				"coordinates" : [ 103.62639099999977, 1.3072519999946335 ]
			},
			"properties" : {
				"OBJECTID" : 237,
				"ID" : 237,
				"ROAD_NAME" : "Tuas South Avenue 3",
				"DIRECTION" : "Tuas South Avenue 6",
				"LATITUDE" : 1.307252,
				"LONGITUDE" : 103.626391,
				"DESCP" : "Tuas South Avenue 3 by Tuas Soth Avenue 1",
				"INC_CRC" : "D8939F1970916E06",
				"FMEL_UPD_D" : "20170208135432"
			}
		},
		{
			"type" : "Feature",
			"geometry" : {
				"type" : "Point",
				"coordinates" : [ 103.74268999999758, 1.3967300000020022 ]
			},
			"properties" : {
				"OBJECTID" : 238,
				"ID" : 238,
				"ROAD_NAME" : "Choa Chu Kang Way",
				"DIRECTION" : "Sungei Kadut Drive",
				"LATITUDE" : 1.39673,
				"LONGITUDE" : 103.74269,
				"DESCP" : "Choa Chu Kang Way by Choa Chu Kang North 6",
				"INC_CRC" : "CF406951C648EF52",
				"FMEL_UPD_D" : "20170208135432"
			}
		},
		{
			"type" : "Feature",
			"geometry" : {
				"type" : "Point",
				"coordinates" : [ 103.69871399999701, 1.3380629999967821 ]
			},
			"properties" : {
				"OBJECTID" : 239,
				"ID" : 239,
				"ROAD_NAME" : "Jurong West Street 61",
				"DIRECTION" : "Boon Lay Way",
				"LATITUDE" : 1.338063,
				"LONGITUDE" : 103.698714,
				"DESCP" : "Jurong West Street 61 by Jurong West Street 63",
				"INC_CRC" : "8FD2DDF44CE35F64",
				"FMEL_UPD_D" : "20170208135432"
			}
		},
		{
			"type" : "Feature",
			"geometry" : {
				"type" : "Point",
				"coordinates" : [ 103.71601999999724, 1.345654000000492 ]
			},
			"properties" : {
				"OBJECTID" : 240,
				"ID" : 240,
				"ROAD_NAME" : "Corporation Road",
				"DIRECTION" : "PIE",
				"LATITUDE" : 1.345654,
				"LONGITUDE" : 103.71602,
				"DESCP" : "Corporation Road by Boon Lay Drive",
				"INC_CRC" : "3733110B6A33BAB1",
				"FMEL_UPD_D" : "20170208135432"
			}
		}
	]
}